timestamp,rssi,actieve_kanalen,rssi_variantie,rssi_trend,gps_lat,gps_lon,snelheid,kanaal_freq,label
2026-03-25 00:48:39,-71.54,3,13.122,-0.9675,52.485296,5.66264,87.5,385.325,ambulance
2026-03-25 06:33:19,-89.98,1,7.459,0.2662,52.935616,4.335062,107.9,386.6,ambulance
2026-03-25 00:41:59,-78.16,3,12.032,-0.4844,52.021559,4.123782,84.2,385.5,ambulance
2026-03-24 14:51:00,-80.91,1,15.294,-0.7311,52.908845,5.07088,56.1,386.55,ambulance
2026-03-25 04:10:17,-80.89,3,10.898,-0.4372,52.333542,5.298061,16.9,388.2,politie
2026-03-25 07:23:01,-86.05,1,8.389,-0.3044,52.817202,4.314109,74.4,387.175,ambulance
2026-03-24 18:01:50,-83.46,2,6.498,-0.3559,53.286902,5.667319,67.2,385.85,ambulance
2026-03-24 20:50:50,-85.42,3,16.163,-0.3513,52.891363,5.507875,81.2,385.375,ambulance
2026-03-25 00:12:08,-83.87,5,12.712,-0.7379,52.804911,6.337055,17.5,387.125,brandweer
2026-03-24 14:31:50,-65.56,10,1.577,0.0647,53.106784,5.30042,0.0,389.225,basisstation
2026-03-24 09:44:16,-79.96,4,12.19,-0.3408,52.534375,4.443038,22.5,387.65,brandweer
2026-03-24 13:32:43,-69.57,12,1.575,-0.016,52.877149,5.000751,0.0,388.575,basisstation
2026-03-25 02:55:59,-74.64,2,9.149,-0.1566,52.673618,5.444033,4.8,385.425,ambulance
2026-03-25 05:55:43,-85.27,2,11.806,-0.606,52.616441,5.619593,10.2,386.275,brandweer
2026-03-24 19:59:11,-87.68,4,11.906,0.0215,53.334531,5.101086,58.6,387.225,brandweer
2026-03-25 04:05:22,-82.79,4,7.976,0.4629,53.450298,5.316487,2.8,387.975,brandweer
2026-03-24 22:29:02,-98.28,4,13.931,0.9847,52.260642,5.780035,53.6,389.75,politie
2026-03-24 23:09:04,-74.14,5,9.096,0.4481,52.342151,6.305558,69.4,386.025,brandweer
2026-03-25 00:13:02,-90.8,4,11.657,-0.0104,52.023778,5.824809,83.1,387.7,brandweer
2026-03-24 21:00:40,-96.08,4,15.448,-0.8961,52.059189,5.188865,63.2,388.4,politie
2026-03-24 11:16:21,-89.13,3,16.258,0.9048,52.40593,4.485407,106.0,386.15,ambulance
2026-03-24 13:34:09,-63.48,12,0.663,-0.0387,52.330842,5.045999,0.0,387.4,basisstation
2026-03-24 18:28:46,-72.87,2,14.56,0.0961,52.091996,4.905441,94.5,388.925,politie
2026-03-25 03:14:40,-83.16,3,14.862,0.3332,52.858964,4.641859,14.3,385.95,ambulance
2026-03-25 04:22:59,-66.75,15,1.21,-0.1722,52.77859,4.169031,0.0,385.1,basisstation
2026-03-24 14:16:54,-65.83,14,0.596,-0.1848,53.119311,5.647589,0.0,389.45,basisstation
2026-03-24 11:59:42,-67.84,13,1.945,0.088,52.961721,5.734871,0.0,385.875,basisstation
2026-03-24 16:34:04,-69.47,5,11.109,-0.1949,53.311622,6.127509,71.5,386.05,brandweer
2026-03-24 18:06:22,-79.23,5,10.537,-0.4986,52.121063,6.481927,5.1,387.975,brandweer
2026-03-25 07:55:58,-72.13,2,11.781,-0.1369,52.515969,4.693146,62.1,386.8,brandweer
2026-03-24 19:02:59,-93.59,4,15.142,-1.4702,53.445249,5.297581,74.3,389.125,politie
2026-03-24 08:34:10,-66.95,17,1.074,-0.0815,52.350412,4.105233,0.0,389.8,basisstation
2026-03-24 15:08:59,-66.68,2,12.301,0.4146,52.67009,4.308625,30.3,385.675,ambulance
2026-03-24 15:12:13,-81.6,3,15.229,-1.0109,52.035562,6.087368,37.4,388.625,politie
2026-03-24 20:31:35,-91.53,4,9.819,1.1276,52.423709,5.06307,86.3,389.225,politie
2026-03-25 00:12:28,-65.81,14,2.296,-0.1026,53.390552,4.150668,0.0,385.5,basisstation
2026-03-25 05:13:45,-72.14,3,7.601,0.3833,52.245032,4.260783,95.4,385.85,ambulance
2026-03-24 17:29:19,-87.83,1,9.651,-0.7215,52.459451,4.81527,73.4,386.95,ambulance
2026-03-24 23:19:44,-83.67,3,9.824,0.3246,52.290684,4.536412,6.1,387.425,brandweer
2026-03-24 15:26:30,-66.43,19,2.313,-0.1555,52.738938,4.028384,0.0,388.125,basisstation
2026-03-24 10:01:35,-83.19,3,15.363,-1.2342,52.116474,5.018858,78.0,388.25,politie
2026-03-25 04:50:46,-63.34,15,1.58,-0.0245,52.866229,4.888406,0.0,389.825,basisstation
2026-03-24 11:05:20,-75.35,2,18.101,0.2407,52.157889,4.418399,89.6,388.75,politie
2026-03-25 01:10:55,-82.45,2,7.607,0.5654,53.158784,4.422084,77.7,386.325,brandweer
2026-03-24 12:38:44,-111.31,1,14.865,0.038,53.397631,4.992538,47.0,388.425,politie
2026-03-24 08:43:11,-89.04,1,17.643,0.0156,52.626641,6.460276,154.7,388.025,politie
2026-03-24 10:12:53,-76.2,5,7.536,0.614,52.2789,4.560923,50.5,387.1,brandweer
2026-03-24 23:25:14,-77.44,1,16.316,-0.6624,52.019843,5.279451,102.5,386.6,ambulance
2026-03-24 13:01:02,-84.96,4,16.462,-0.1345,53.256051,4.424321,106.8,388.0,politie
2026-03-25 05:00:03,-95.83,2,6.066,0.3014,52.381993,6.495488,23.4,386.4,brandweer
2026-03-24 16:32:14,-72.01,1,15.584,0.8655,52.230676,6.215428,2.4,385.1,ambulance
2026-03-24 12:45:57,-78.7,3,9.43,0.1885,52.155939,6.405913,69.3,387.575,brandweer
2026-03-24 10:08:56,-88.78,3,19.071,-0.0838,52.424119,4.111487,2.1,389.65,politie
2026-03-24 08:26:17,-73.76,3,16.287,0.5293,53.035484,6.36256,17.6,385.7,ambulance
2026-03-24 16:25:06,-65.48,16,1.82,0.1269,52.832801,5.324126,0.0,385.025,basisstation
2026-03-24 23:47:15,-64.87,10,2.489,-0.012,52.419341,6.208735,0.0,388.075,basisstation
2026-03-25 00:06:26,-91.18,3,15.556,0.6659,53.186926,5.50346,118.3,386.125,ambulance
2026-03-24 22:30:56,-65.53,17,1.832,0.0365,52.412083,5.403109,0.0,387.5,basisstation
2026-03-25 04:30:22,-66.63,10,1.713,0.1059,52.262258,5.256415,0.0,389.2,basisstation
2026-03-25 01:40:20,-76.49,2,13.084,-0.1791,52.458634,4.182113,71.6,386.275,brandweer
2026-03-24 12:52:49,-81.47,4,15.609,-1.2872,52.54278,5.181233,40.7,389.75,politie
2026-03-25 00:26:03,-59.26,14,0.683,0.041,52.830555,4.53182,0.0,386.3,basisstation
2026-03-24 16:02:06,-75.52,2,11.634,-0.1547,52.01574,6.237663,119.5,386.825,ambulance
2026-03-25 00:55:46,-60.08,13,1.949,0.0314,52.411241,4.198548,0.0,387.4,basisstation
2026-03-24 20:11:20,-87.95,1,10.818,0.5863,52.278942,6.377047,26.5,386.9,ambulance
2026-03-25 00:30:12,-93.92,2,6.783,0.6437,52.971013,4.320875,77.6,385.75,ambulance
2026-03-24 23:23:10,-71.22,3,6.687,0.862,52.820957,6.226102,6.1,385.1,ambulance
2026-03-25 00:02:25,-85.73,2,8.948,0.2337,53.398972,4.957647,13.6,387.2,brandweer
2026-03-24 11:01:56,-66.93,14,1.401,-0.1483,53.431077,5.515437,0.0,389.725,basisstation
2026-03-24 23:42:28,-86.51,2,13.415,-0.3163,52.019361,4.566727,104.9,386.525,ambulance
2026-03-25 04:25:09,-65.4,11,1.431,-0.0077,53.377682,5.467671,0.0,389.65,basisstation
2026-03-24 10:56:29,-91.0,2,19.318,-0.7886,53.152192,5.251193,17.2,387.95,politie
2026-03-24 15:51:47,-86.38,2,8.636,-0.9995,53.265819,5.855731,109.8,386.35,ambulance
2026-03-24 15:13:08,-80.38,1,16.838,0.4274,53.000998,4.313955,98.2,385.775,ambulance
2026-03-24 22:20:31,-84.17,4,17.47,0.22,52.378461,4.550563,105.4,388.6,politie
2026-03-24 22:29:02,-76.15,4,9.351,0.6111,52.144802,4.604735,86.5,389.1,politie
2026-03-24 15:52:13,-66.53,2,6.93,-0.4354,52.38462,6.334945,70.2,387.35,ambulance
2026-03-24 16:54:53,-68.23,12,1.775,0.0904,53.463778,5.290751,0.0,388.925,basisstation
2026-03-24 22:21:42,-94.29,2,17.17,0.3216,52.467358,6.114134,89.6,386.7,ambulance
2026-03-24 08:38:02,-81.38,1,9.013,-0.3019,53.212034,4.540128,145.6,388.125,politie
2026-03-24 23:13:20,-77.19,2,15.124,0.4448,52.763703,4.348299,0.9,385.075,ambulance
2026-03-24 09:35:13,-59.95,18,1.336,0.1731,53.299096,4.113047,0.0,387.95,basisstation
2026-03-24 09:56:11,-92.29,4,14.694,-1.0019,52.544651,6.242966,98.2,388.5,politie
2026-03-24 08:16:55,-70.19,10,2.055,-0.0079,53.477929,4.941847,0.0,385.625,basisstation
2026-03-24 16:30:54,-86.72,3,17.801,-0.8781,53.101867,4.751223,125.2,389.65,politie
2026-03-25 05:27:22,-74.44,3,13.504,-0.9753,53.11344,4.610404,17.2,385.85,ambulance
2026-03-24 12:57:01,-85.29,2,10.671,0.0978,53.185904,4.333858,42.8,387.45,brandweer
2026-03-24 20:50:02,-81.75,1,11.162,-0.1245,53.143194,6.340441,37.2,386.825,ambulance
2026-03-25 05:38:46,-89.3,2,12.228,0.7125,52.875139,5.156526,82.5,386.325,brandweer
2026-03-24 11:01:26,-76.38,3,16.854,1.0024,52.214275,5.88357,118.5,387.625,politie
2026-03-24 08:24:41,-79.2,4,11.481,1.1142,53.195022,4.62617,107.6,388.9,politie
2026-03-25 07:40:38,-95.63,3,11.678,0.9671,52.627911,5.146079,9.1,387.825,politie
2026-03-25 07:24:44,-87.03,1,15.978,0.8368,52.155151,5.005068,78.0,386.925,ambulance
2026-03-25 02:10:50,-59.93,13,0.917,0.1722,52.17455,6.043624,0.0,385.85,basisstation
2026-03-25 07:53:10,-67.26,4,11.285,0.0916,52.41965,5.412382,66.8,386.175,brandweer
2026-03-24 17:16:58,-87.06,1,15.597,-0.0921,52.741222,6.152613,70.9,388.55,politie
2026-03-24 19:46:39,-88.13,3,7.568,-0.652,52.298517,6.499623,9.1,387.95,brandweer
2026-03-24 15:32:19,-62.61,15,2.45,-0.0037,53.084344,6.052154,0.0,389.825,basisstation
2026-03-24 11:02:55,-67.9,17,1.289,-0.1573,52.50349,4.4242,0.0,389.075,basisstation
2026-03-25 01:09:39,-63.88,5,8.392,-0.0029,52.32741,4.326129,39.5,386.95,brandweer
2026-03-24 16:43:36,-90.68,2,6.337,-0.2494,52.219145,6.057509,75.2,386.975,ambulance
2026-03-24 16:38:51,-73.47,1,16.969,-0.0786,53.436685,6.356811,9.3,387.625,politie
2026-03-24 19:51:18,-90.98,2,8.125,0.6631,53.27146,5.928924,75.7,386.925,brandweer
2026-03-24 15:36:26,-77.27,2,15.711,-0.2363,53.178477,4.29584,101.8,389.25,politie
2026-03-24 21:00:25,-81.04,2,11.595,0.5839,52.63743,4.957208,48.3,385.75,ambulance
2026-03-24 18:52:28,-70.64,1,7.564,-0.5929,52.638258,5.41354,92.3,386.3,ambulance
2026-03-24 13:10:10,-70.82,1,10.985,-0.952,52.265623,4.24606,40.2,386.65,ambulance
2026-03-25 07:07:31,-84.75,2,5.007,0.699,52.350371,4.658684,14.8,386.375,brandweer
2026-03-24 21:39:13,-61.93,10,2.149,-0.0569,52.483142,6.443666,0.0,387.225,basisstation
2026-03-24 20:01:24,-80.13,2,6.163,0.0583,52.40181,5.510012,39.3,386.7,brandweer
2026-03-24 12:37:06,-65.91,1,15.364,0.3474,52.461295,5.230136,92.1,387.125,ambulance
2026-03-24 22:09:46,-73.29,2,11.941,-0.7742,52.527565,5.358711,33.5,386.225,brandweer
2026-03-24 15:36:54,-76.53,4,8.365,0.1427,53.117717,4.533918,40.9,387.5,brandweer
2026-03-24 09:30:35,-83.85,3,11.995,-0.1408,52.998648,5.311681,12.5,387.425,brandweer
2026-03-25 05:35:35,-68.11,18,1.175,0.1599,52.911333,4.610883,0.0,386.45,basisstation
2026-03-24 17:51:43,-60.51,4,12.934,-1.1098,52.54064,5.959346,3.6,389.375,politie
2026-03-24 10:44:07,-63.91,15,0.912,-0.1552,52.404624,4.142717,0.0,385.9,basisstation
2026-03-24 15:00:18,-74.83,5,8.149,-0.5936,52.897459,4.077427,42.2,386.725,brandweer
2026-03-25 07:44:49,-76.57,2,15.789,-0.0665,52.249079,4.152762,9.2,387.275,ambulance
2026-03-24 16:56:14,-96.2,3,18.71,-0.1699,52.946961,5.479243,97.1,388.225,politie
2026-03-25 06:23:38,-77.95,3,8.949,-0.3936,53.47453,6.312442,88.4,386.2,brandweer
2026-03-25 07:33:31,-91.89,2,12.98,0.6383,52.882757,4.463432,61.8,388.975,politie
2026-03-24 14:33:30,-89.91,1,17.827,0.3734,53.197834,4.267573,29.2,387.05,ambulance
2026-03-24 15:16:41,-82.94,2,18.913,0.8406,52.08592,4.563059,1.1,389.0,politie
2026-03-25 05:11:35,-67.91,19,0.542,-0.1671,53.45179,4.738612,0.0,387.575,basisstation
2026-03-24 11:52:01,-73.39,3,10.99,0.0972,52.779418,6.491316,48.3,385.375,ambulance
2026-03-24 12:39:26,-80.34,1,11.531,0.6574,53.064083,4.263503,99.5,385.325,ambulance
2026-03-24 12:05:15,-91.37,3,13.225,-0.3121,53.33784,4.765129,107.1,387.775,politie
2026-03-25 04:50:08,-76.21,2,9.871,0.6052,53.394806,5.209492,47.5,387.225,brandweer
2026-03-24 10:46:04,-88.61,2,8.887,-0.0901,52.616995,4.363063,80.2,388.0,brandweer
2026-03-25 02:48:15,-89.98,2,9.572,-0.4039,52.24643,5.957904,38.4,385.525,ambulance
2026-03-24 21:26:20,-89.16,2,14.008,0.688,52.737607,6.240591,34.5,387.425,brandweer
2026-03-24 08:42:19,-87.81,4,11.122,0.6925,52.384795,5.635437,157.0,389.75,politie
2026-03-25 04:17:28,-80.38,5,14.544,0.657,52.641872,4.493684,86.6,387.225,brandweer
2026-03-25 05:06:26,-80.0,2,12.283,-0.4355,52.416768,5.92878,35.8,386.375,ambulance
2026-03-25 00:49:26,-61.8,18,0.727,0.1724,53.461372,6.489828,0.0,388.025,basisstation
2026-03-24 17:59:14,-59.9,11,1.767,-0.0968,52.209034,6.087326,0.0,385.075,basisstation
2026-03-24 13:12:32,-66.5,18,1.843,-0.1628,52.385571,5.969755,0.0,385.775,basisstation
2026-03-25 00:24:00,-62.65,17,2.202,0.1743,53.178011,5.672471,0.0,387.775,basisstation
2026-03-25 01:11:17,-64.66,10,1.604,0.0244,53.31498,5.008707,0.0,387.775,basisstation
2026-03-25 05:53:01,-65.71,19,2.027,0.1228,52.519456,5.161685,0.0,387.5,basisstation
2026-03-24 16:16:46,-57.19,17,1.423,-0.1963,52.370018,5.816154,0.0,389.8,basisstation
2026-03-25 04:04:15,-94.49,3,12.969,0.8575,53.264418,5.114717,59.6,386.075,ambulance
2026-03-24 15:05:56,-74.17,3,9.704,-0.4562,53.12324,5.627869,72.1,388.7,politie
2026-03-24 14:51:54,-84.36,4,6.904,0.2719,53.208837,4.198124,0.0,387.15,brandweer
2026-03-24 11:57:40,-80.4,4,6.006,-0.3046,52.998677,4.715561,59.7,386.85,brandweer
2026-03-24 17:23:57,-77.86,5,8.762,0.6809,52.993168,6.281498,45.3,387.825,brandweer
2026-03-24 12:02:51,-65.44,15,2.469,0.175,52.064761,4.412037,0.0,385.7,basisstation
2026-03-25 00:00:54,-78.75,5,13.745,-0.7305,53.313644,5.880864,23.5,386.85,brandweer
2026-03-25 02:21:33,-67.31,2,19.329,-1.0536,53.471481,5.208519,74.0,389.9,politie
2026-03-24 16:04:47,-81.9,3,9.612,-0.6319,52.711237,4.564474,90.8,385.625,ambulance
2026-03-24 09:49:00,-64.73,13,2.18,0.1091,52.345081,4.328338,0.0,389.85,basisstation
2026-03-25 06:53:33,-85.62,3,14.319,-0.3538,52.094894,5.507535,85.5,386.925,brandweer
2026-03-24 20:03:15,-83.86,4,17.13,-0.9368,53.048423,4.920868,14.1,388.2,politie
2026-03-25 00:59:02,-80.62,3,7.002,-0.2887,52.108344,4.368633,53.3,387.05,brandweer
2026-03-24 13:01:48,-85.45,2,14.155,0.6122,52.563708,5.770305,149.6,389.55,politie
2026-03-24 12:57:38,-88.35,3,18.291,1.2499,52.4783,5.455497,69.0,388.925,politie
2026-03-25 06:52:37,-86.75,3,15.855,-0.5107,53.258259,6.192801,50.6,385.175,ambulance
2026-03-24 16:25:55,-61.19,18,1.25,-0.0857,53.302899,4.55899,0.0,388.325,basisstation
2026-03-24 21:04:56,-85.93,5,10.599,-0.0218,52.264618,6.031832,45.4,387.675,brandweer
2026-03-25 06:04:25,-78.67,3,15.055,-0.5028,53.488203,6.143827,64.6,385.7,ambulance
2026-03-24 10:07:22,-79.71,5,12.728,0.4851,52.549827,4.933383,13.8,387.4,brandweer
2026-03-24 16:11:15,-73.51,1,10.862,-0.522,52.960571,6.126261,75.5,386.05,ambulance
2026-03-24 09:33:49,-85.41,1,13.117,-0.0215,52.363816,4.729234,16.0,386.975,ambulance
2026-03-24 12:20:59,-78.92,3,11.169,-0.7953,53.213189,4.648499,0.8,387.85,brandweer
2026-03-24 11:31:56,-80.61,2,9.545,-0.8189,52.19999,6.129615,80.2,386.85,ambulance
2026-03-24 09:30:10,-97.88,1,14.199,-1.4835,52.328603,4.091803,1.2,389.925,politie
2026-03-24 18:11:41,-71.57,2,13.458,-0.5603,53.349119,4.333836,53.4,386.7,ambulance
2026-03-25 05:29:22,-103.04,1,18.026,-0.3888,52.71101,5.110319,60.0,387.95,politie
2026-03-25 02:31:17,-74.67,3,14.14,-1.0031,52.067168,5.904767,103.3,388.675,politie
2026-03-24 10:50:11,-94.95,3,10.784,-0.1253,53.440252,5.908948,125.0,389.825,politie
2026-03-24 23:19:21,-82.8,1,8.908,-0.4154,52.877618,4.565688,14.7,388.975,politie
2026-03-24 22:40:53,-64.67,17,1.504,0.0382,52.100615,5.874901,0.0,388.05,basisstation
2026-03-24 20:57:28,-86.03,5,14.116,0.244,52.537544,4.457996,69.6,386.1,brandweer
2026-03-25 04:15:20,-78.6,2,12.893,-1.0163,53.456726,5.405472,105.0,387.85,politie
2026-03-24 09:35:22,-87.07,2,13.144,-1.4125,52.993651,4.296257,76.9,387.725,politie
2026-03-24 15:58:51,-74.1,3,8.703,-0.4973,53.061521,5.971537,125.6,389.1,politie
2026-03-24 14:58:42,-93.55,2,10.706,-0.3693,52.721359,5.087951,73.9,389.1,politie
2026-03-25 07:14:43,-97.37,4,11.832,-0.7163,53.268266,5.997705,70.5,386.75,brandweer
2026-03-24 22:38:29,-79.63,1,14.875,-0.5781,52.045531,6.109532,101.0,385.775,ambulance
2026-03-24 22:03:19,-102.22,2,14.877,-0.5244,52.407998,4.015948,6.3,387.925,politie
2026-03-24 21:57:31,-87.2,1,12.054,-0.4783,52.972446,5.277735,1.1,385.425,ambulance
2026-03-25 02:44:10,-81.88,2,19.052,0.5838,53.292536,4.685179,116.6,388.525,politie
2026-03-24 22:05:33,-95.7,1,9.669,-0.1946,53.023288,4.788099,80.7,386.25,ambulance
2026-03-24 18:33:35,-92.64,4,5.719,0.6544,52.116569,5.330901,86.2,386.55,brandweer
2026-03-25 04:47:39,-66.32,11,0.549,0.148,52.031904,6.186754,0.0,388.5,basisstation
2026-03-24 21:12:42,-93.99,4,9.611,1.3738,52.36284,5.251509,84.7,388.025,politie
2026-03-24 13:38:33,-99.63,2,15.464,1.4773,52.860762,5.03901,61.8,389.125,politie
2026-03-24 08:31:08,-77.41,5,12.163,0.271,52.963417,4.095904,42.9,387.7,brandweer
2026-03-25 06:18:37,-83.26,2,6.665,0.1084,53.40181,5.815153,70.5,385.45,ambulance
2026-03-24 19:31:16,-75.35,3,11.948,0.4733,52.009788,5.198798,30.6,386.2,brandweer
2026-03-25 04:06:19,-70.9,3,5.11,-0.1334,52.996676,5.771998,14.0,387.9,brandweer
2026-03-24 19:17:13,-78.22,3,15.872,-0.3772,52.754125,6.098633,48.2,385.45,ambulance
2026-03-24 18:27:30,-61.21,11,0.833,0.0469,52.784627,5.67524,0.0,388.9,basisstation
2026-03-24 19:53:48,-59.16,18,0.841,-0.0362,52.634034,6.054516,0.0,385.275,basisstation
2026-03-25 00:31:40,-99.01,2,17.534,1.1531,52.692765,5.03629,55.2,389.65,politie
2026-03-25 00:13:14,-84.4,3,10.712,0.4214,52.90524,4.894535,156.6,388.925,politie
2026-03-24 09:12:38,-67.41,15,1.392,0.0898,52.023732,4.852725,0.0,386.125,basisstation
2026-03-25 01:06:47,-83.48,2,14.899,0.0934,52.83099,5.336398,106.1,385.425,ambulance
2026-03-25 05:01:37,-69.1,14,0.838,-0.0886,52.265516,4.221756,0.0,385.0,basisstation
2026-03-24 23:00:45,-62.84,10,1.654,-0.003,52.292864,5.80613,0.0,388.65,basisstation
2026-03-24 17:10:40,-79.38,3,11.421,-0.2905,52.172719,6.208184,48.1,386.25,ambulance
2026-03-25 00:07:12,-70.88,3,11.734,-0.2894,52.993348,5.788306,81.9,385.625,ambulance
2026-03-24 18:57:29,-58.84,2,17.539,0.4605,52.946076,5.849207,58.8,387.125,ambulance
2026-03-25 05:17:55,-88.13,4,14.387,0.4881,52.825818,6.064721,76.6,387.325,brandweer
2026-03-24 22:28:36,-70.89,3,10.842,-0.5305,52.505996,6.068809,98.3,385.925,ambulance
2026-03-24 16:15:59,-69.74,10,0.523,-0.171,52.58874,5.199847,0.0,387.35,basisstation
2026-03-24 11:58:38,-82.69,3,9.795,-0.2124,52.552443,4.933611,82.2,387.9,brandweer
2026-03-24 19:07:11,-81.38,4,11.892,-0.7983,53.285787,6.051067,33.7,388.375,politie
2026-03-24 08:54:18,-85.3,3,13.032,0.099,52.99279,4.888824,66.7,386.025,brandweer
2026-03-24 23:21:24,-66.68,13,1.706,-0.0916,52.199778,4.190501,0.0,388.325,basisstation
2026-03-24 08:13:26,-67.65,17,2.268,0.0403,53.355586,6.472962,0.0,389.95,basisstation
2026-03-25 03:11:50,-81.26,5,6.129,0.1751,52.427867,4.598028,73.9,387.8,brandweer
2026-03-24 16:26:48,-76.94,3,5.893,-0.0995,52.436795,5.930669,20.8,386.9,brandweer
2026-03-25 00:46:48,-77.62,2,11.767,-0.8625,52.625746,6.194374,66.0,385.75,ambulance
2026-03-24 20:48:12,-82.87,4,11.543,-0.8028,53.205224,6.32307,45.0,388.875,politie
2026-03-25 07:58:12,-88.37,1,11.275,0.0209,52.474686,4.217418,31.1,387.1,ambulance
2026-03-25 05:21:05,-67.55,18,1.251,0.0155,52.786239,6.120119,0.0,386.425,basisstation
2026-03-25 05:44:47,-65.63,5,11.941,0.0307,52.633809,4.745844,26.8,388.0,brandweer
2026-03-24 12:04:10,-93.32,1,16.75,-0.793,53.360478,4.421874,78.8,385.075,ambulance
2026-03-24 22:20:49,-89.91,3,15.124,-1.4696,53.36993,5.531434,101.8,388.2,politie
2026-03-24 20:55:31,-74.46,3,10.952,-0.7991,52.037005,5.017246,61.1,385.575,ambulance
2026-03-24 12:04:51,-83.13,2,8.241,0.7639,52.66766,4.28284,3.4,387.9,brandweer
2026-03-24 12:15:05,-63.23,19,1.181,-0.0957,52.744056,5.732226,0.0,387.825,basisstation
2026-03-24 19:30:20,-78.95,4,13.248,0.5706,53.424744,5.387064,83.5,386.275,brandweer
2026-03-25 07:05:04,-64.27,18,1.082,0.0447,52.209241,4.730362,0.0,385.35,basisstation
2026-03-24 20:15:48,-64.07,1,7.398,-0.7458,52.688997,5.880322,22.7,386.425,ambulance
2026-03-24 09:13:46,-81.29,4,13.496,-0.306,52.098542,4.570588,48.5,389.95,politie
2026-03-24 20:58:30,-56.66,3,6.229,0.1913,53.165999,5.391705,60.8,387.125,brandweer
2026-03-24 12:04:53,-67.33,2,13.779,-0.8771,53.410756,5.621913,97.6,387.025,ambulance
2026-03-25 01:21:31,-88.43,1,18.683,-0.6378,52.087138,4.278781,58.8,387.75,politie
2026-03-25 04:24:29,-91.72,5,14.053,-0.6671,52.661132,5.461892,17.2,387.875,brandweer
2026-03-25 01:28:21,-69.85,4,19.803,-0.721,52.646851,4.868797,155.2,388.275,politie
2026-03-25 05:17:26,-82.26,2,14.713,-0.2661,52.309872,4.783166,17.7,386.7,ambulance
2026-03-24 22:24:45,-66.79,17,0.918,0.0685,52.53797,4.635409,0.0,388.225,basisstation
2026-03-25 01:33:28,-65.41,14,2.357,-0.0287,53.449982,6.40905,0.0,387.875,basisstation
2026-03-24 10:59:09,-63.26,13,2.229,-0.1026,52.977566,6.026715,0.0,389.475,basisstation
2026-03-24 11:14:55,-78.94,5,6.255,0.5018,52.79234,5.654696,3.2,386.05,brandweer
2026-03-24 09:35:04,-66.0,18,0.718,0.0602,53.147786,6.314187,0.0,385.45,basisstation
2026-03-24 16:32:30,-88.42,1,16.637,1.1008,53.232148,5.386643,72.6,388.0,politie
2026-03-25 02:15:25,-70.74,12,1.265,0.1933,52.700144,6.149851,0.0,388.35,basisstation
2026-03-25 06:45:29,-66.39,19,2.3,-0.0586,52.355306,5.951314,0.0,386.225,basisstation
2026-03-24 11:56:49,-93.76,2,7.721,-0.9632,53.414593,4.809549,55.7,386.025,ambulance
2026-03-25 03:24:53,-69.71,5,9.913,0.7208,52.636558,5.78674,34.5,386.275,brandweer
2026-03-24 12:45:54,-91.12,2,14.36,0.9871,53.230019,5.737206,158.6,387.8,politie
2026-03-24 09:19:17,-64.06,19,0.526,0.0654,52.267054,6.402676,0.0,389.4,basisstation
2026-03-24 16:04:23,-81.5,4,18.297,0.8513,52.301598,5.285503,68.6,388.225,politie
2026-03-24 14:41:11,-61.38,13,0.864,-0.0617,53.345183,5.184904,0.0,387.3,basisstation
2026-03-24 08:17:42,-68.18,19,1.571,-0.1067,52.51439,5.184925,0.0,388.425,basisstation
2026-03-25 02:53:10,-88.79,2,13.524,1.0937,52.570601,6.442001,87.5,389.45,politie
2026-03-24 15:58:19,-66.88,19,0.573,-0.099,53.070024,6.238017,0.0,387.65,basisstation
2026-03-24 10:05:07,-74.6,3,7.409,-0.5922,52.103761,4.828021,64.4,387.0,brandweer
2026-03-25 07:44:28,-72.36,3,13.734,-0.7044,52.493611,4.786469,80.0,387.3,brandweer
2026-03-24 19:02:50,-84.88,4,13.956,-0.5982,52.221179,4.074341,11.1,387.825,brandweer
2026-03-24 15:39:46,-80.4,4,8.974,1.3545,53.207635,6.05746,134.2,388.975,politie
2026-03-24 16:26:26,-72.38,1,19.769,-0.2772,53.146792,5.433822,132.4,388.375,politie
2026-03-24 09:27:27,-72.5,2,10.879,-0.7134,52.44003,5.313676,85.8,386.975,ambulance
2026-03-25 04:45:16,-87.72,3,12.536,0.729,53.263557,5.901516,69.5,387.675,brandweer
2026-03-24 14:34:31,-70.68,5,13.587,0.3094,52.407561,4.531817,15.3,387.3,brandweer
2026-03-25 06:14:37,-61.64,10,1.018,0.065,52.467567,5.30017,0.0,387.625,basisstation
2026-03-25 03:48:38,-81.84,3,7.793,0.8599,52.272447,4.755989,55.0,385.2,ambulance
2026-03-25 07:10:24,-67.75,1,9.339,0.325,52.260244,4.949379,45.0,388.55,politie
2026-03-24 13:06:21,-64.11,14,2.313,0.0497,52.175347,6.34958,0.0,388.35,basisstation
2026-03-24 15:28:48,-80.34,4,19.608,-0.951,53.080012,5.044975,3.5,389.275,politie
2026-03-24 20:05:27,-83.15,4,18.772,0.523,53.492472,5.318082,21.9,389.875,politie
2026-03-25 00:00:32,-62.44,3,14.108,0.7093,53.015641,5.94629,46.8,386.575,brandweer
2026-03-24 15:45:37,-76.09,5,10.282,-0.597,52.72374,5.556438,53.3,387.15,brandweer
2026-03-24 14:50:18,-100.18,3,14.013,0.6186,52.811102,5.07399,85.5,389.225,politie
2026-03-25 00:08:15,-85.3,2,14.999,0.6102,52.104579,6.233512,16.4,387.15,ambulance
2026-03-24 18:53:14,-88.57,4,18.352,-0.9622,52.829061,4.991384,128.0,388.575,politie
2026-03-24 23:58:50,-89.38,4,18.552,0.1711,52.753641,5.828716,37.0,389.325,politie
2026-03-24 12:15:58,-61.05,13,1.748,-0.0362,52.828071,5.090316,0.0,389.275,basisstation
2026-03-24 14:17:46,-87.28,2,14.726,0.1709,52.4811,6.169104,10.8,387.875,brandweer
2026-03-24 11:00:05,-76.73,4,11.923,-1.0533,53.314976,6.490836,48.9,387.6,politie
2026-03-24 08:14:24,-83.02,1,14.546,-0.2868,52.019346,5.350749,30.5,385.975,ambulance
2026-03-24 11:31:06,-69.1,14,2.353,0.0604,53.37244,6.125096,0.0,385.275,basisstation
2026-03-25 05:32:56,-62.05,11,1.458,-0.1897,52.511872,4.950489,0.0,386.175,basisstation
2026-03-25 05:54:23,-79.99,3,13.107,0.4019,52.670802,6.074553,23.3,385.525,ambulance
2026-03-25 00:29:59,-65.59,10,1.695,0.1945,52.804886,6.310104,0.0,385.325,basisstation
2026-03-24 23:38:46,-77.38,5,6.488,0.4414,52.67125,6.387557,40.2,387.9,brandweer
2026-03-24 09:02:55,-79.68,1,10.99,-0.8737,52.711009,5.128167,47.6,387.2,ambulance
2026-03-24 13:10:08,-78.84,5,12.263,-0.4485,53.194678,5.367657,40.4,387.15,brandweer
2026-03-25 07:56:45,-66.51,11,1.144,-0.1499,52.711504,4.284892,0.0,385.3,basisstation
2026-03-24 09:53:36,-103.85,3,8.891,-0.8209,52.898212,4.161228,116.8,389.8,politie
2026-03-25 02:53:31,-68.04,14,1.042,0.0371,53.020198,4.577073,0.0,386.425,basisstation
2026-03-24 08:01:14,-88.72,2,17.758,0.7371,52.069295,5.448992,20.9,386.425,ambulance
2026-03-24 19:28:36,-81.9,1,19.033,-0.9717,52.019544,4.035475,34.2,388.225,politie
2026-03-24 13:13:34,-97.96,4,9.859,-1.2518,52.453629,5.408521,77.5,389.9,politie
2026-03-24 11:26:51,-64.49,15,1.352,-0.1477,53.329906,5.124462,0.0,385.15,basisstation
2026-03-24 16:16:05,-83.22,2,5.547,-0.1482,52.164454,5.417582,16.0,387.625,brandweer
2026-03-24 17:20:17,-89.52,3,12.19,0.1112,52.212282,6.206175,66.5,387.05,brandweer
2026-03-24 08:17:47,-75.66,4,7.68,0.4983,52.807182,4.176375,5.0,387.45,brandweer
2026-03-25 01:12:02,-84.06,1,14.774,0.8935,52.47056,4.619683,93.8,386.025,ambulance
2026-03-25 05:46:28,-105.84,2,19.957,0.888,52.323251,4.840018,120.6,387.8,politie
2026-03-24 15:41:31,-78.82,2,17.657,-1.3618,52.266832,5.286709,129.3,388.7,politie
2026-03-24 14:29:43,-79.95,4,15.168,0.4602,52.443482,5.54904,30.8,388.425,politie
2026-03-25 04:24:49,-66.14,2,6.176,0.7844,52.01767,6.493557,18.8,387.7,brandweer
2026-03-25 05:56:16,-72.03,1,16.336,-0.8439,52.396953,5.654922,95.2,389.475,politie
2026-03-25 06:59:58,-62.35,14,1.674,0.1861,52.910551,4.689998,0.0,388.9,basisstation
2026-03-24 10:31:17,-63.52,10,0.616,-0.1701,53.278622,6.475371,0.0,389.35,basisstation
2026-03-25 06:36:24,-71.84,2,6.962,-0.0463,53.242979,5.958674,75.6,386.3,ambulance
2026-03-24 09:15:29,-79.77,3,13.443,-0.1354,53.36532,5.59758,109.7,389.75,politie
2026-03-24 08:26:27,-84.77,2,10.718,0.3419,52.866448,4.898022,40.5,388.025,politie
2026-03-24 20:22:15,-92.34,4,13.113,0.1441,52.525304,5.693684,83.4,389.525,politie
2026-03-24 15:55:11,-72.22,2,10.243,0.2732,52.416284,6.333533,24.2,387.9,brandweer
2026-03-24 19:40:36,-70.48,2,8.668,-0.4207,52.108565,6.385329,40.3,386.65,brandweer
2026-03-24 08:02:39,-110.23,2,17.87,0.9119,52.780255,4.35719,88.4,389.675,politie
2026-03-25 03:36:50,-73.43,1,10.443,0.5026,53.269186,4.457033,107.6,387.475,ambulance
2026-03-24 11:06:19,-89.48,3,13.246,0.1734,53.415994,4.119597,40.0,387.975,brandweer
2026-03-25 01:36:22,-90.41,3,13.34,-0.4085,52.491131,4.411551,30.7,386.975,ambulance
2026-03-25 06:50:14,-78.41,2,16.392,-0.9802,52.6911,6.472101,93.4,385.425,ambulance
2026-03-25 07:57:06,-86.01,3,13.653,0.6401,52.747195,5.723276,5.0,386.125,ambulance
2026-03-24 08:45:16,-77.27,3,6.984,0.2937,52.957526,4.767864,75.0,385.15,ambulance
2026-03-24 12:55:06,-86.12,1,10.866,0.9682,52.442226,4.886371,35.1,387.15,ambulance
2026-03-25 06:56:09,-92.7,1,11.63,1.4261,53.347357,5.942008,27.2,388.45,politie
2026-03-25 07:54:15,-76.86,4,8.19,0.0683,52.984083,5.398947,75.3,388.45,politie
2026-03-24 15:25:15,-68.95,15,2.428,-0.1006,52.200706,5.046452,0.0,386.95,basisstation
2026-03-24 15:20:23,-84.79,3,14.736,0.8308,53.088441,5.549336,32.8,388.925,politie
2026-03-25 05:14:08,-85.23,2,8.451,0.2536,53.493468,5.200459,43.0,386.6,ambulance
2026-03-25 04:34:29,-62.92,11,1.393,-0.0666,52.870713,4.221918,0.0,389.9,basisstation
2026-03-24 12:41:47,-63.49,19,2.288,-0.1485,52.495149,4.803957,0.0,385.625,basisstation
2026-03-24 10:38:36,-57.42,19,1.643,0.0648,52.815668,6.161232,0.0,385.8,basisstation
2026-03-25 04:02:04,-75.79,3,19.448,0.6642,52.003156,5.79393,138.1,388.675,politie
2026-03-24 20:12:45,-80.62,3,13.207,-0.6675,52.925791,6.424547,45.6,386.7,ambulance
2026-03-24 10:29:58,-85.53,4,11.312,-0.5382,52.75587,4.033784,50.9,386.825,brandweer
2026-03-24 22:48:31,-75.78,1,7.791,-0.4637,52.612683,5.699243,43.3,386.7,ambulance
2026-03-25 07:53:12,-82.8,4,18.204,-0.864,52.708423,6.200392,105.2,389.925,politie
2026-03-24 21:43:40,-74.59,1,11.309,-0.8873,53.018799,4.191421,2.7,388.075,politie
2026-03-24 11:02:11,-82.83,1,7.979,-0.7508,52.34409,4.545758,43.9,386.075,ambulance
2026-03-24 11:23:02,-69.98,19,1.636,0.1662,52.050919,5.743551,0.0,388.4,basisstation
2026-03-25 06:38:14,-70.95,2,12.154,-0.3134,52.903384,4.805812,39.4,386.3,ambulance
2026-03-24 20:16:19,-73.73,3,8.305,0.4375,52.510906,4.17928,101.9,387.775,politie
2026-03-24 08:12:47,-80.0,3,10.338,0.0696,52.7118,6.040142,119.5,386.3,ambulance
2026-03-25 03:03:39,-69.03,1,14.654,-0.6324,52.730818,4.061912,39.4,385.275,ambulance
2026-03-24 12:23:15,-68.34,12,0.7,-0.0163,52.500563,4.357167,0.0,388.25,basisstation
2026-03-24 15:41:56,-83.17,2,10.02,-0.7593,52.534278,6.067037,134.2,388.775,politie
2026-03-24 13:33:22,-74.68,3,8.795,-0.6865,52.890527,5.887069,82.0,386.675,ambulance
2026-03-25 05:40:02,-71.19,3,11.74,-0.958,53.237281,5.969355,98.4,386.3,ambulance
2026-03-24 19:10:32,-82.07,5,11.893,-0.5966,52.888724,6.088929,32.1,387.15,brandweer
2026-03-24 13:45:46,-71.91,3,17.299,0.0594,53.386162,6.43795,87.9,386.325,ambulance
2026-03-24 16:45:08,-90.7,4,9.399,0.1401,52.515937,5.8325,144.4,389.2,politie
2026-03-25 05:18:29,-97.57,2,9.343,0.0493,53.413797,5.866942,125.8,389.175,politie
2026-03-24 23:40:46,-59.79,11,0.621,-0.1012,52.239317,6.179459,0.0,388.025,basisstation
2026-03-25 00:58:40,-64.23,12,0.681,0.1084,52.102375,6.092697,0.0,385.25,basisstation
2026-03-25 02:13:38,-86.1,1,15.407,0.7182,52.997492,5.245101,34.3,388.175,politie
2026-03-24 08:39:42,-85.67,3,12.206,-0.3824,52.554361,5.160596,11.0,389.375,politie
2026-03-24 17:11:13,-80.73,2,15.081,0.3611,52.088659,5.726816,19.9,386.7,ambulance
2026-03-24 16:08:38,-93.73,5,7.685,0.2468,53.416062,4.990693,48.0,387.325,brandweer
2026-03-25 00:07:47,-69.88,10,1.721,-0.0845,52.871857,4.385907,0.0,387.475,basisstation
2026-03-24 11:08:12,-79.54,4,10.769,-0.7345,53.329553,6.094683,47.5,387.65,brandweer
2026-03-24 11:49:20,-62.35,17,1.697,-0.0413,52.355542,4.586685,0.0,385.225,basisstation
2026-03-25 00:56:41,-87.58,1,14.931,0.4037,52.593956,6.287725,127.7,389.55,politie
2026-03-24 18:22:41,-103.65,2,8.015,-0.6487,52.909021,5.425781,68.3,386.625,brandweer
2026-03-24 16:06:29,-66.13,10,1.569,0.1,53.369749,5.462874,0.0,386.3,basisstation
2026-03-24 12:07:29,-87.96,1,11.965,-0.4788,52.939264,5.328291,158.2,389.05,politie
2026-03-24 23:52:14,-69.71,17,2.017,0.0556,53.138554,5.810258,0.0,389.925,basisstation
2026-03-25 03:34:08,-93.86,3,18.558,0.2243,53.01313,4.112134,4.7,387.775,politie
2026-03-24 17:55:40,-89.88,3,15.166,0.4624,52.86821,5.580978,142.3,388.55,politie
2026-03-24 12:53:31,-91.27,4,14.343,0.8802,52.300977,6.486622,158.5,389.275,politie
2026-03-24 20:56:40,-66.12,11,1.482,0.1985,53.346154,5.158452,0.0,385.3,basisstation
2026-03-24 20:19:46,-84.18,1,10.487,0.6397,52.993726,4.867407,61.9,387.65,politie
2026-03-24 11:43:06,-81.03,3,15.022,0.6239,52.469379,6.146266,113.5,385.2,ambulance
2026-03-24 22:32:55,-62.96,12,1.621,-0.0076,53.327498,5.325663,0.0,389.55,basisstation
2026-03-24 14:35:41,-82.64,4,11.643,-0.5649,52.261365,6.188514,0.5,389.125,politie
2026-03-25 05:58:03,-63.9,18,0.822,0.0606,52.488888,5.47566,0.0,386.775,basisstation
2026-03-24 19:20:18,-68.96,15,2.458,-0.0053,53.359148,5.085986,0.0,385.5,basisstation
2026-03-24 16:31:39,-72.76,2,14.409,0.2734,52.679132,6.088851,59.8,387.35,brandweer
2026-03-25 02:02:45,-64.38,11,2.025,0.1191,52.653375,6.044586,0.0,387.175,basisstation
2026-03-25 01:27:55,-69.86,2,14.986,-0.8867,52.111063,5.513707,83.2,389.95,politie
2026-03-24 09:53:11,-78.72,3,9.119,0.6951,52.315414,5.414722,4.4,387.675,brandweer
2026-03-24 22:07:41,-64.73,19,2.101,-0.1199,52.251224,4.26142,0.0,386.5,basisstation
2026-03-24 09:09:01,-76.4,3,8.111,-0.5292,53.372252,4.529286,59.3,386.825,ambulance
2026-03-24 17:50:00,-65.74,13,0.937,0.18,53.179518,4.223528,0.0,389.925,basisstation
2026-03-24 16:51:30,-64.41,16,1.44,0.0977,53.307749,5.084138,0.0,385.775,basisstation
2026-03-24 22:43:15,-64.34,17,1.641,0.0083,53.441758,6.111335,0.0,387.025,basisstation
2026-03-24 12:03:11,-76.79,2,9.152,0.7495,53.079995,4.252914,15.5,386.9,ambulance
2026-03-24 14:58:25,-66.04,4,12.794,-0.5196,53.239827,6.002452,1.7,387.625,politie
2026-03-24 13:19:58,-60.35,16,2.01,0.0481,53.05612,4.53241,0.0,389.125,basisstation
2026-03-24 18:14:20,-78.84,3,7.782,-0.7014,53.342551,5.715061,14.6,387.2,brandweer
2026-03-24 08:56:52,-60.57,2,14.445,-0.4604,52.712082,4.645982,46.8,387.725,brandweer
2026-03-24 17:45:44,-68.76,10,1.011,-0.0957,52.103881,6.399566,0.0,387.95,basisstation
2026-03-24 10:01:27,-68.52,18,1.686,0.032,52.13723,6.193652,0.0,386.65,basisstation
2026-03-24 18:08:15,-88.95,3,6.809,0.3756,52.736215,4.188833,22.7,387.725,brandweer
2026-03-24 15:56:42,-69.53,10,0.633,0.0074,52.225254,5.843584,0.0,389.8,basisstation
2026-03-25 04:30:00,-66.3,13,1.646,0.1731,52.862745,5.198386,0.0,385.8,basisstation
2026-03-24 12:45:58,-78.35,2,13.503,-0.4594,52.814317,6.082234,60.2,386.8,brandweer
2026-03-24 15:38:46,-82.99,2,17.118,-0.1607,52.059088,5.434875,6.1,385.425,ambulance
2026-03-25 03:40:55,-65.21,19,0.603,0.068,52.066248,5.470659,0.0,388.6,basisstation
2026-03-24 22:48:53,-63.19,5,9.335,-0.1652,52.229702,4.024617,84.4,386.15,brandweer
2026-03-25 06:40:53,-72.79,5,10.412,0.4862,52.093666,4.959868,45.8,386.975,brandweer
2026-03-24 08:04:41,-61.1,10,0.744,-0.0191,53.400813,4.79039,0.0,389.45,basisstation
2026-03-25 04:45:40,-70.01,10,0.847,-0.1374,52.375364,5.373067,0.0,386.175,basisstation
2026-03-24 12:20:20,-77.2,1,6.143,-0.7206,53.459191,6.457662,85.9,385.5,ambulance
2026-03-25 03:35:07,-65.57,18,1.497,-0.0324,53.372269,4.905985,0.0,386.55,basisstation
2026-03-24 11:09:17,-93.1,1,15.811,0.7901,53.01032,4.343404,102.4,386.975,ambulance
2026-03-24 10:35:48,-64.03,11,2.437,0.0752,53.255446,6.167172,0.0,385.15,basisstation
2026-03-24 17:50:36,-76.87,3,16.222,-1.1687,52.46471,4.624892,46.3,388.9,politie
2026-03-24 14:13:59,-68.72,1,13.08,-1.2463,53.32146,6.207287,97.1,389.05,politie
2026-03-24 12:28:58,-85.81,4,13.653,0.1646,52.172734,5.470315,65.5,387.05,brandweer
2026-03-24 23:52:21,-85.46,2,12.939,0.7829,53.477425,4.072091,61.1,387.55,brandweer
2026-03-24 16:46:56,-64.22,18,1.058,0.0801,53.269992,6.140811,0.0,386.325,basisstation
2026-03-24 20:36:37,-91.44,2,11.817,0.7483,52.131323,4.707003,69.0,387.775,politie
2026-03-25 03:25:22,-82.87,1,9.051,-0.4091,53.017588,5.481927,63.6,385.425,ambulance
2026-03-24 09:20:37,-80.36,1,13.364,0.7959,52.874695,5.825554,97.2,385.15,ambulance
2026-03-25 07:24:29,-84.53,2,10.741,-0.8975,53.010634,5.125876,48.2,385.7,ambulance
2026-03-25 04:38:28,-80.93,2,17.143,0.2822,52.787977,4.165138,37.4,386.725,ambulance
2026-03-25 02:57:06,-71.34,3,10.603,0.3658,52.919027,5.463439,31.9,386.575,brandweer
2026-03-24 12:30:09,-86.6,1,12.528,1.309,52.174034,4.105729,108.0,388.225,politie
2026-03-24 18:30:41,-65.24,10,2.053,-0.0637,53.396136,6.146032,0.0,387.8,basisstation
2026-03-24 13:38:43,-82.09,2,10.703,0.3943,52.962257,4.64957,23.2,385.525,ambulance
2026-03-24 19:59:29,-77.06,1,11.584,-0.9726,52.387887,4.069631,9.8,386.475,ambulance
2026-03-24 18:15:43,-81.5,2,9.972,0.2679,53.307328,5.116849,1.1,387.275,brandweer
2026-03-24 12:46:47,-103.64,5,9.144,0.4199,52.997227,4.263049,81.0,387.275,brandweer
2026-03-24 16:31:22,-77.63,2,16.789,0.145,53.323203,4.98362,20.5,388.15,politie
2026-03-25 03:48:39,-87.15,2,14.069,0.1398,52.674706,5.89089,7.7,386.05,brandweer
2026-03-25 07:20:03,-69.13,3,7.564,0.2869,52.146415,4.417121,23.7,385.875,ambulance
2026-03-25 04:51:58,-70.88,2,7.876,0.5036,52.411999,5.186087,68.2,385.1,ambulance
2026-03-25 04:03:52,-92.91,5,9.496,0.539,53.498811,4.717117,51.5,387.2,brandweer
2026-03-24 19:31:26,-78.52,1,6.296,-0.2745,53.259731,4.318714,65.6,385.825,ambulance
2026-03-24 23:09:27,-100.49,4,11.34,0.8949,52.449075,4.581265,52.2,389.0,politie
2026-03-24 14:34:24,-66.33,10,1.769,0.0723,52.796402,5.119458,0.0,389.925,basisstation
2026-03-24 15:43:38,-73.87,1,17.434,-0.5213,52.711114,6.189213,74.9,386.525,ambulance
2026-03-24 09:30:54,-89.68,1,8.917,1.1877,52.237456,4.129465,127.0,389.75,politie
2026-03-24 14:44:59,-84.04,1,12.662,0.176,52.923131,4.203937,51.2,385.95,ambulance
2026-03-24 11:58:54,-96.76,4,15.852,-0.8039,53.14653,5.559358,2.3,389.9,politie
2026-03-24 23:42:55,-78.42,3,14.76,-0.2175,53.259489,4.359536,52.2,389.275,politie
2026-03-24 18:43:58,-71.58,11,1.395,0.013,52.363706,4.673108,0.0,385.675,basisstation
2026-03-25 02:47:21,-62.69,14,0.587,0.1699,53.378674,4.632475,0.0,388.65,basisstation
2026-03-25 07:39:15,-94.61,1,9.422,0.2615,52.723026,5.894441,54.7,386.325,ambulance
2026-03-24 13:08:09,-81.33,2,8.782,-0.1082,52.808053,5.244531,145.5,387.65,politie
2026-03-25 06:52:59,-65.61,1,17.193,0.8653,52.39043,6.267988,106.4,389.775,politie
2026-03-24 09:00:42,-71.39,3,14.258,1.4319,52.242507,5.19225,121.2,389.9,politie
2026-03-25 04:36:58,-72.57,1,18.682,0.6232,52.220955,4.019604,10.0,388.8,politie
2026-03-24 20:49:11,-70.23,2,9.58,1.0641,53.281391,5.226913,26.4,389.95,politie
2026-03-24 23:41:21,-96.89,3,16.242,-1.2209,53.234438,4.524382,4.7,387.625,politie
2026-03-24 08:03:26,-66.2,12,0.563,0.0546,52.471534,5.271427,0.0,388.75,basisstation
2026-03-24 20:25:38,-70.76,19,1.839,-0.1417,52.674151,5.469711,0.0,385.0,basisstation
2026-03-24 19:56:38,-70.89,2,18.667,0.1335,52.382964,4.739237,32.7,388.65,politie
2026-03-24 09:26:32,-81.15,5,5.52,0.5756,52.393624,4.604411,41.2,386.3,brandweer
2026-03-25 05:23:24,-91.82,3,11.99,-0.5668,52.130664,5.218461,104.7,385.625,ambulance
2026-03-24 10:12:47,-67.98,13,1.379,-0.1577,52.961239,4.540095,0.0,388.225,basisstation
2026-03-24 08:01:06,-82.21,3,16.839,-0.9508,52.624394,4.891428,25.1,386.8,ambulance
2026-03-24 23:53:19,-86.95,4,9.415,-0.015,53.059087,5.226136,76.4,386.35,brandweer
2026-03-25 00:50:54,-72.0,3,15.004,-0.3786,53.285253,5.167195,61.7,387.225,ambulance
2026-03-24 21:37:36,-86.66,3,8.363,-0.1177,52.396708,5.258867,23.9,387.175,ambulance
2026-03-24 22:08:26,-80.49,3,8.019,0.6729,52.283794,5.80096,65.9,386.45,ambulance
2026-03-24 10:20:33,-86.87,2,11.82,-0.8292,52.777016,5.535466,116.7,385.95,ambulance
2026-03-24 15:12:43,-64.91,11,2.234,0.0315,52.657923,5.813144,0.0,386.625,basisstation
2026-03-24 14:48:22,-97.19,3,10.715,-0.4826,53.191274,5.56304,41.7,385.45,ambulance
2026-03-24 17:49:22,-75.39,2,8.972,-0.3039,53.449933,5.108598,107.5,386.875,ambulance
2026-03-24 12:16:26,-68.75,3,16.35,-0.5339,52.944443,6.158712,83.4,387.425,ambulance
2026-03-24 18:26:46,-80.18,2,14.677,-0.2855,53.494246,4.478026,89.8,387.95,brandweer
2026-03-24 08:30:13,-82.29,4,16.414,0.5403,52.023092,5.457315,65.3,388.725,politie
2026-03-24 22:53:45,-62.83,12,0.871,-0.0152,52.001848,5.495818,0.0,388.125,basisstation
2026-03-24 18:46:27,-65.63,19,1.815,-0.0756,53.113522,6.037796,0.0,388.85,basisstation
2026-03-24 17:39:35,-68.01,1,11.482,0.6913,52.38303,6.069941,13.7,386.025,ambulance
2026-03-24 16:11:20,-87.68,2,12.662,0.6919,52.553527,4.338792,85.3,386.225,brandweer
2026-03-24 13:52:00,-81.18,3,6.347,-0.5207,52.503765,5.284666,3.9,385.65,ambulance
2026-03-25 05:41:17,-70.78,1,11.226,0.3853,52.542565,6.373022,77.1,388.125,politie
2026-03-25 03:12:46,-98.78,3,16.993,0.2157,52.622104,5.884663,157.8,389.925,politie
2026-03-25 02:06:55,-70.19,12,2.308,-0.0607,52.770984,5.959133,0.0,385.725,basisstation
2026-03-25 02:05:55,-68.0,10,1.169,-0.1698,53.129869,4.680755,0.0,387.725,basisstation
2026-03-24 19:38:30,-84.94,1,16.511,0.8106,52.495234,4.267002,59.2,385.75,ambulance
2026-03-25 04:52:33,-85.1,2,9.595,-0.22,52.936559,5.633224,52.8,387.55,brandweer
2026-03-25 02:37:34,-85.83,2,16.35,-0.1259,52.830069,5.60408,14.7,388.05,politie
2026-03-25 02:08:30,-69.02,17,2.181,0.1643,52.184216,4.589765,0.0,387.225,basisstation
2026-03-24 22:36:43,-61.33,12,0.962,0.0688,52.029566,4.260271,0.0,386.65,basisstation
2026-03-24 12:04:31,-81.36,1,13.821,-0.4991,52.676941,4.458605,126.6,389.15,politie
2026-03-24 17:01:07,-72.61,3,6.972,0.6594,52.607088,4.219125,117.2,385.375,ambulance
2026-03-24 10:23:17,-96.68,4,19.125,1.4098,52.214502,4.936371,91.4,389.975,politie
2026-03-25 00:37:28,-84.86,1,13.51,-0.2667,52.577205,5.223441,115.5,388.625,politie
2026-03-24 09:28:07,-66.81,14,0.505,-0.1533,52.709749,5.515255,0.0,389.05,basisstation
2026-03-24 19:58:14,-83.11,5,13.556,0.0491,53.013466,5.356439,23.0,386.075,brandweer
2026-03-24 08:14:06,-64.56,17,1.453,0.1354,52.307616,6.419985,0.0,386.675,basisstation
2026-03-24 21:31:28,-91.26,4,15.122,1.1872,52.700452,4.850927,93.3,388.6,politie
2026-03-25 02:42:22,-79.53,2,12.075,-0.7501,52.207979,4.31828,78.3,386.6,brandweer
2026-03-24 09:06:41,-84.88,2,9.395,-0.0059,53.01799,5.052241,36.3,387.7,brandweer
2026-03-25 04:25:51,-85.4,4,12.055,0.2748,52.001927,4.300398,35.5,386.4,brandweer
2026-03-25 07:03:07,-76.64,3,10.228,-0.9138,52.588327,6.369449,21.5,386.5,ambulance
2026-03-24 09:21:37,-80.41,3,15.003,-0.451,52.121746,5.130506,75.0,386.05,ambulance
2026-03-24 15:32:40,-98.76,1,10.325,-0.8259,52.818236,4.517643,24.3,387.4,ambulance
2026-03-25 02:10:41,-63.54,17,2.156,0.1002,53.199306,6.062832,0.0,389.1,basisstation
2026-03-24 10:15:10,-66.23,12,2.022,0.0245,53.156451,5.234489,0.0,388.4,basisstation
2026-03-24 08:40:26,-67.5,1,16.048,0.6026,52.980991,6.045924,32.6,389.9,politie
2026-03-24 12:26:29,-74.01,3,17.168,0.3522,52.555037,5.376179,36.9,386.1,ambulance
2026-03-25 02:40:15,-62.25,12,2.016,-0.1942,52.174109,4.115007,0.0,387.325,basisstation
2026-03-24 13:34:16,-68.78,16,1.814,-0.0257,53.095059,4.11929,0.0,388.825,basisstation
2026-03-24 08:23:01,-83.55,3,12.186,-1.167,53.421532,4.180791,129.3,389.025,politie
2026-03-24 22:31:09,-62.77,15,1.736,0.081,52.839473,4.024427,0.0,387.4,basisstation
2026-03-25 01:29:53,-94.69,1,11.654,-0.9057,53.330679,5.049622,10.5,389.675,politie
2026-03-25 01:09:16,-68.48,4,9.1,-0.0288,52.417215,4.811267,6.3,387.75,brandweer
2026-03-24 16:11:51,-79.12,1,17.417,-0.726,52.27738,5.070388,64.5,386.4,ambulance
2026-03-24 15:19:53,-109.43,5,7.65,0.2753,52.170469,4.009796,4.7,387.55,brandweer
2026-03-24 20:11:12,-64.74,13,1.414,0.0416,52.753433,5.349652,0.0,388.9,basisstation
2026-03-24 10:57:05,-76.49,4,16.949,0.1738,52.200476,5.109648,93.5,388.075,politie
2026-03-24 21:26:04,-61.26,10,0.763,0.0863,53.363549,4.449208,0.0,389.275,basisstation
2026-03-25 01:53:38,-91.03,1,15.472,1.4201,53.271082,4.155985,74.4,388.0,politie
2026-03-24 19:09:02,-87.63,2,11.039,-1.4701,52.803485,6.090294,115.8,389.65,politie
2026-03-24 11:41:15,-76.2,5,10.74,0.2198,53.107443,4.839023,50.1,386.775,brandweer
2026-03-24 20:01:46,-84.47,4,8.564,-0.6385,52.978903,5.140249,86.6,386.7,brandweer
2026-03-24 12:35:35,-89.1,1,15.333,0.7166,52.539513,5.718086,101.4,387.45,ambulance
2026-03-24 15:29:18,-60.26,11,2.086,0.062,53.4882,4.709636,0.0,388.1,basisstation
2026-03-25 07:20:21,-80.03,2,9.112,0.7452,52.651031,4.646779,146.3,389.825,politie
2026-03-24 08:14:00,-93.2,3,11.26,-0.5591,52.756637,5.462695,42.2,387.45,brandweer
2026-03-24 21:04:58,-73.99,5,10.527,-0.6164,52.7943,4.672154,11.4,387.575,brandweer
2026-03-24 13:41:18,-88.46,2,14.907,-0.4038,53.266604,4.598058,45.6,387.475,brandweer
2026-03-24 09:04:40,-77.24,2,9.097,-0.072,53.391619,6.169255,16.0,385.55,ambulance
2026-03-24 11:18:09,-74.89,4,19.783,0.384,52.244223,4.467286,39.6,387.8,politie
2026-03-24 13:42:46,-65.18,2,7.985,0.678,53.124275,5.576398,20.7,387.125,brandweer
2026-03-24 17:23:18,-60.48,5,13.773,-0.3354,52.44774,5.680905,7.4,387.05,brandweer
2026-03-24 16:24:14,-76.18,2,16.967,0.72,52.304405,5.413875,152.1,387.75,politie
2026-03-24 09:37:47,-88.94,1,13.44,0.3964,52.062946,4.909113,25.8,386.5,ambulance
2026-03-24 23:34:31,-66.99,2,12.817,-1.0241,53.235667,5.804304,141.1,389.4,politie
2026-03-24 14:36:16,-65.95,10,0.956,-0.0292,53.227022,6.151826,0.0,387.55,basisstation
2026-03-24 13:25:03,-95.23,3,18.602,-0.155,52.939889,6.315957,81.7,389.5,politie
2026-03-25 07:12:49,-87.44,5,6.023,-0.1432,52.956104,6.004565,84.0,387.85,brandweer
2026-03-24 14:30:29,-66.12,17,1.456,0.0024,52.348827,4.199913,0.0,385.275,basisstation
2026-03-25 02:21:01,-65.38,11,0.862,0.1418,52.738417,4.618078,0.0,386.475,basisstation
2026-03-24 22:52:06,-85.14,5,5.624,0.5137,53.011011,4.141209,8.3,387.925,brandweer
2026-03-25 07:17:59,-63.14,10,1.851,0.0941,52.313607,5.35362,0.0,386.025,basisstation
2026-03-24 15:31:16,-78.45,2,13.516,0.1397,52.06585,4.414374,69.3,389.825,politie
2026-03-24 14:18:58,-74.32,2,17.529,0.0751,52.386448,5.124859,1.7,387.475,ambulance
2026-03-25 07:30:29,-74.42,4,5.834,0.6856,53.000555,6.278942,52.2,387.2,brandweer
2026-03-24 16:16:36,-84.11,2,11.228,-0.0738,53.499199,4.26202,101.5,388.7,politie
2026-03-25 05:44:38,-100.65,4,16.001,-1.217,53.21907,5.767095,119.7,388.45,politie
2026-03-24 20:20:39,-64.82,1,13.747,-0.9088,53.263248,4.741531,113.5,387.2,ambulance
2026-03-24 22:51:12,-79.08,4,11.018,-0.6968,52.816045,5.399489,87.5,386.875,brandweer
2026-03-24 11:47:53,-63.68,16,1.776,0.0061,52.890308,5.98436,0.0,385.35,basisstation
2026-03-24 19:02:32,-92.69,1,14.736,0.6263,53.161629,4.963884,30.9,385.325,ambulance
2026-03-24 19:41:18,-62.72,10,2.201,0.0984,52.612777,6.332345,0.0,388.4,basisstation
2026-03-25 00:57:58,-84.84,3,10.465,0.0438,52.271838,6.392992,8.2,387.45,ambulance
2026-03-24 09:09:18,-61.54,10,2.177,-0.0125,52.622229,4.683518,0.0,386.35,basisstation
2026-03-24 19:55:19,-73.98,2,7.66,0.4763,53.408072,5.230906,102.8,385.975,ambulance
2026-03-25 04:55:30,-83.74,2,12.325,-1.2945,52.61246,5.898122,122.1,390.0,politie
2026-03-24 23:31:37,-99.8,4,12.813,-0.769,52.941938,4.687976,29.4,387.85,brandweer
2026-03-25 02:06:46,-81.13,3,19.261,-0.2556,52.58589,4.173321,64.4,388.225,politie
2026-03-25 05:10:42,-70.68,16,1.583,0.1852,52.512808,5.581555,0.0,385.9,basisstation
2026-03-25 03:33:10,-60.67,19,2.225,0.1798,52.22061,6.316469,0.0,386.825,basisstation
2026-03-25 01:34:08,-92.93,2,15.981,-0.0736,53.40234,5.592715,58.4,386.25,ambulance
2026-03-24 21:23:45,-86.77,2,19.309,-1.2755,52.794822,6.46326,70.2,388.5,politie
2026-03-24 17:02:36,-67.2,14,0.688,0.069,52.665625,6.170356,0.0,387.125,basisstation
2026-03-24 09:36:14,-85.59,4,9.515,0.4789,52.38324,6.366595,25.9,388.5,politie
2026-03-25 05:20:16,-69.04,13,2.049,0.0645,52.277793,4.435273,0.0,385.1,basisstation
2026-03-25 00:20:29,-83.51,1,10.688,-0.7826,53.160358,4.110101,82.0,388.375,politie
2026-03-24 19:37:54,-67.7,13,1.786,0.0816,53.365936,5.561903,0.0,385.25,basisstation
2026-03-24 09:43:32,-77.35,2,8.166,0.274,53.089745,6.089458,2.8,386.9,brandweer
2026-03-24 20:28:30,-87.62,2,15.498,0.2049,52.091511,4.719578,61.4,386.225,ambulance
2026-03-25 06:25:20,-70.2,3,5.249,-0.7937,52.609609,6.128153,20.4,386.0,brandweer
2026-03-24 20:33:32,-58.81,2,14.794,0.7524,52.347762,5.763907,86.7,385.075,ambulance
2026-03-25 04:05:55,-67.93,12,2.399,-0.0413,53.43113,4.337503,0.0,386.375,basisstation
2026-03-25 00:48:55,-70.08,11,0.526,-0.1658,52.311829,4.066331,0.0,388.1,basisstation
2026-03-25 04:50:33,-75.59,4,17.046,0.2337,53.226112,5.89262,144.7,389.5,politie
2026-03-25 01:08:40,-88.42,3,11.27,-0.9201,53.239585,5.753748,43.5,386.575,ambulance
2026-03-24 14:01:17,-59.97,17,0.646,0.1287,53.059363,4.203372,0.0,389.1,basisstation
2026-03-25 07:39:09,-81.0,5,7.487,-0.7752,52.909992,5.772818,15.0,386.375,brandweer
2026-03-24 09:11:51,-78.77,3,9.338,-0.2307,52.457257,5.719775,46.5,387.05,brandweer
2026-03-25 00:45:15,-89.05,2,8.854,-1.293,52.760381,5.02353,150.5,388.1,politie
2026-03-24 20:23:49,-63.26,2,13.5,-0.0459,53.418547,6.124938,26.5,389.15,politie
2026-03-24 10:43:43,-63.79,13,1.732,0.1776,53.416377,6.167997,0.0,388.975,basisstation
2026-03-24 13:34:53,-98.54,4,8.016,-0.6006,53.461292,6.117652,103.4,389.325,politie
2026-03-24 14:14:03,-69.32,15,0.646,0.0414,53.002319,5.548726,0.0,389.325,basisstation
2026-03-24 16:28:51,-77.46,2,14.638,0.0624,52.180406,5.758821,25.9,387.25,brandweer
2026-03-25 00:42:28,-85.12,5,10.113,0.4907,52.905106,6.016945,4.5,387.025,brandweer
2026-03-24 20:36:46,-90.17,3,17.976,0.7163,53.470392,5.625283,49.0,385.6,ambulance
2026-03-24 19:36:40,-94.54,1,18.237,-1.3605,52.842989,4.864801,99.2,388.75,politie
2026-03-24 14:10:50,-77.44,3,14.019,1.4286,52.563162,6.000184,109.4,389.325,politie
2026-03-24 09:31:10,-77.83,2,9.849,-0.6155,53.462356,5.027784,37.1,386.825,ambulance
2026-03-24 17:35:42,-69.79,1,12.851,-0.5368,52.619013,5.61524,120.0,389.35,politie
2026-03-25 06:25:42,-83.03,4,18.39,-0.0721,52.951636,5.926952,17.8,389.275,politie
2026-03-24 16:19:51,-92.09,3,9.105,-0.4298,52.295033,4.138331,12.3,387.975,brandweer
2026-03-25 07:57:11,-66.59,12,2.236,-0.1019,52.236011,4.401,0.0,385.3,basisstation
2026-03-25 04:36:22,-61.44,14,1.266,0.0076,52.070449,4.415708,0.0,387.65,basisstation
2026-03-25 07:07:56,-76.49,2,14.679,0.6237,52.795079,4.069603,54.0,387.15,brandweer
2026-03-24 15:14:52,-63.65,13,0.855,0.1002,53.210252,6.476263,0.0,385.875,basisstation
2026-03-24 17:06:33,-82.69,1,17.376,0.2349,53.216686,5.589887,23.5,389.875,politie
2026-03-25 05:27:36,-90.46,2,9.275,-0.3644,53.253903,4.371583,34.6,386.8,brandweer
2026-03-25 06:20:35,-65.45,15,1.715,0.0051,52.346005,4.44132,0.0,389.2,basisstation
2026-03-24 17:59:04,-93.14,3,11.743,-0.4801,52.664197,4.652621,12.6,389.55,politie
2026-03-24 20:02:06,-98.5,1,17.441,-0.3077,52.380036,6.469149,82.2,387.7,politie
2026-03-24 14:21:24,-84.4,3,16.171,-0.6364,52.24825,5.76651,51.6,385.9,ambulance
2026-03-25 05:02:54,-82.34,4,8.456,0.7376,52.086612,5.70189,87.9,388.525,politie
2026-03-25 01:42:14,-65.25,13,0.662,-0.0521,52.36324,6.007849,0.0,386.7,basisstation
2026-03-25 06:02:12,-73.41,4,9.202,0.0994,52.117765,6.203145,0.5,386.5,brandweer
2026-03-25 03:30:48,-89.08,5,13.566,-0.1663,52.637191,4.963881,17.9,386.425,brandweer
2026-03-24 14:32:04,-79.89,2,6.838,0.1231,52.534291,5.742533,13.9,387.9,brandweer
2026-03-25 01:14:21,-79.67,2,12.482,-0.6855,52.477913,6.258896,37.1,387.65,politie
2026-03-24 16:48:48,-88.94,1,8.166,-0.4751,52.166813,6.170423,63.0,385.8,ambulance
2026-03-24 19:08:16,-80.93,3,7.274,0.0627,52.919728,6.014006,47.5,386.2,ambulance
2026-03-24 12:15:38,-64.81,14,1.043,0.1861,52.685898,6.105058,0.0,387.875,basisstation
2026-03-24 16:20:27,-70.99,10,2.237,0.0909,53.11406,5.063733,0.0,385.075,basisstation
2026-03-24 23:28:51,-66.09,11,0.927,0.0023,53.261055,5.832004,0.0,389.25,basisstation
2026-03-24 08:08:06,-84.45,2,10.751,0.4585,52.824527,6.14441,1.6,386.475,brandweer
2026-03-24 20:48:18,-65.46,1,8.558,0.7344,52.355073,6.206539,114.7,385.975,ambulance
2026-03-24 16:40:25,-85.07,3,9.289,-0.4976,52.401291,5.298017,25.4,386.875,brandweer
2026-03-24 17:54:05,-90.44,3,11.017,-0.7029,52.819922,5.090117,37.2,387.525,brandweer
2026-03-24 09:24:44,-66.67,13,0.636,-0.0796,53.062258,4.168377,0.0,388.425,basisstation
2026-03-24 14:06:50,-96.39,4,8.216,-0.2357,53.449365,4.318635,4.3,389.575,politie
2026-03-24 21:48:57,-82.73,3,16.658,-0.6016,52.433453,4.942635,34.1,386.675,ambulance
2026-03-25 06:15:58,-69.81,2,15.272,0.4298,52.021913,4.900939,69.5,387.35,ambulance
2026-03-24 08:33:37,-80.4,2,9.195,-0.9373,52.933454,6.336051,14.3,386.7,ambulance
2026-03-25 03:07:20,-63.96,13,1.227,0.1887,53.443671,4.629456,0.0,388.225,basisstation
2026-03-24 14:03:12,-61.84,19,0.562,-0.0951,52.892617,4.128565,0.0,389.725,basisstation
2026-03-25 05:46:45,-102.73,2,14.269,0.1881,52.908633,6.296837,70.6,389.525,politie
2026-03-24 10:50:58,-99.21,4,12.482,-1.1329,52.353786,4.928555,117.7,389.8,politie
2026-03-24 10:23:25,-69.9,1,8.312,-0.7419,53.170072,5.179066,35.7,385.15,ambulance
2026-03-25 04:07:00,-104.17,4,9.395,-0.6924,53.231104,5.536353,41.8,387.25,brandweer
2026-03-24 18:08:07,-63.88,17,2.091,0.1675,52.900914,6.352188,0.0,388.525,basisstation
2026-03-24 19:06:26,-71.52,10,1.613,0.0883,53.207972,6.471822,0.0,385.775,basisstation
2026-03-24 08:02:33,-74.17,1,8.284,0.8344,52.448848,5.077146,66.4,386.375,ambulance
2026-03-25 06:08:57,-69.48,2,15.216,0.2571,52.675424,5.327774,76.0,386.75,ambulance
2026-03-25 03:28:55,-59.56,16,0.827,-0.0436,53.454118,4.645334,0.0,385.1,basisstation
2026-03-25 07:07:56,-82.31,3,11.297,-0.3163,52.616532,6.269028,67.5,387.8,politie
2026-03-24 17:55:39,-90.89,5,14.811,0.3846,53.134809,4.238122,10.6,386.325,brandweer
2026-03-24 20:58:14,-82.09,3,7.687,-0.1504,52.275135,4.017102,41.0,385.325,ambulance
2026-03-24 23:07:49,-66.79,3,10.684,0.782,53.072429,4.621993,97.6,387.425,ambulance
2026-03-24 23:06:02,-86.8,2,15.311,0.6159,52.170949,5.60977,92.1,387.3,ambulance
2026-03-24 13:33:16,-88.97,3,14.358,-0.4256,52.388823,4.047319,7.6,387.05,brandweer
2026-03-24 16:03:12,-89.88,3,12.578,-0.6507,52.995737,6.413257,35.5,385.7,ambulance
2026-03-25 07:06:24,-93.16,3,9.015,-0.3192,52.408004,5.807359,72.3,387.825,brandweer
2026-03-24 15:24:06,-59.38,19,1.732,0.054,52.067956,4.936532,0.0,388.65,basisstation
2026-03-24 17:44:17,-75.84,4,7.829,0.6318,52.522904,5.804501,2.2,386.75,brandweer
2026-03-24 15:31:22,-67.22,19,0.502,-0.1364,52.702809,6.360759,0.0,387.45,basisstation
2026-03-25 03:48:29,-85.79,4,8.772,0.6453,52.087326,6.31751,6.3,387.3,brandweer
2026-03-24 14:53:46,-66.94,16,1.822,0.0212,52.896214,5.959581,0.0,388.15,basisstation
2026-03-25 00:07:33,-72.97,14,1.885,-0.0922,52.366188,4.420728,0.0,388.975,basisstation
2026-03-24 18:45:51,-65.36,2,6.282,-0.1408,52.193762,4.248866,33.5,386.75,ambulance
2026-03-24 18:38:24,-68.43,11,0.578,0.0473,52.504831,5.639307,0.0,387.3,basisstation
2026-03-24 11:50:44,-74.83,5,9.08,-0.2807,53.138494,5.196612,70.4,387.6,brandweer
2026-03-24 14:10:57,-86.98,3,13.94,0.759,52.533661,4.532236,4.2,388.0,brandweer
2026-03-24 22:18:22,-65.38,1,13.805,-0.5753,53.052075,4.283602,14.6,386.975,ambulance
2026-03-24 08:19:20,-75.64,4,12.27,0.1277,53.011296,4.333672,14.6,387.25,brandweer
2026-03-24 14:40:00,-76.13,3,14.388,-1.1902,52.851961,4.740894,27.6,389.025,politie
2026-03-25 04:44:23,-89.32,4,8.836,-0.9754,52.340769,6.092603,136.9,389.675,politie
2026-03-24 16:36:14,-66.15,1,7.008,0.54,53.482736,4.86077,75.6,385.775,ambulance
2026-03-24 08:46:41,-82.39,3,10.541,0.0434,52.007618,6.294397,68.8,386.2,brandweer
2026-03-24 14:57:12,-71.05,16,0.978,-0.1431,52.182077,4.758188,0.0,387.85,basisstation
2026-03-24 08:42:37,-67.96,11,1.884,0.0608,52.336404,5.780448,0.0,385.8,basisstation
2026-03-24 16:42:48,-57.62,3,7.62,0.6107,52.294662,5.534615,80.3,387.775,brandweer
2026-03-24 22:38:11,-79.4,2,15.118,-1.34,53.012179,5.693829,72.8,389.55,politie
2026-03-24 21:14:15,-75.05,3,5.961,-0.1207,52.81358,5.318641,84.0,387.675,brandweer
2026-03-24 19:18:15,-50.04,3,12.461,-0.3226,53.37764,6.377321,120.7,389.775,politie
2026-03-24 14:26:17,-65.22,16,0.774,0.0141,52.322803,4.030302,0.0,389.5,basisstation
2026-03-24 21:58:20,-62.72,15,1.682,-0.1878,52.056022,6.056501,0.0,386.325,basisstation
2026-03-24 11:23:33,-89.21,5,5.333,0.6605,52.968639,4.625206,10.7,387.475,brandweer
2026-03-24 10:00:14,-90.98,1,9.795,-0.3579,53.130745,4.051678,66.3,388.35,politie
2026-03-24 23:42:43,-83.04,4,12.205,1.2388,52.683429,5.695285,54.4,389.525,politie
2026-03-25 06:57:45,-81.66,2,10.748,-0.1564,52.274403,5.075138,33.7,387.675,brandweer
2026-03-25 03:05:11,-95.11,4,13.588,0.2062,53.147906,4.890654,68.7,386.4,brandweer
2026-03-25 05:55:29,-74.9,1,6.23,-0.136,53.430905,4.524795,4.0,385.05,ambulance
2026-03-24 10:46:09,-81.46,3,5.599,0.0282,53.443294,4.724812,11.2,387.225,brandweer
2026-03-24 22:25:24,-68.29,16,1.627,-0.0478,52.82275,5.491214,0.0,385.85,basisstation
2026-03-25 06:36:11,-87.56,5,12.663,-0.0033,53.217952,6.16788,27.9,386.35,brandweer
2026-03-25 03:54:48,-84.13,5,13.168,0.7353,52.905705,5.233354,71.3,387.05,brandweer
2026-03-24 14:32:07,-95.73,1,15.988,0.6113,52.339119,6.043263,26.9,386.7,ambulance
2026-03-24 20:43:03,-65.19,5,10.642,-0.0093,52.575687,6.362418,65.9,387.525,brandweer
2026-03-25 02:36:01,-83.31,5,6.711,-0.6188,53.292766,5.192775,51.3,387.6,brandweer
2026-03-24 13:26:21,-79.33,1,6.645,0.3387,52.365357,4.765118,27.8,385.675,ambulance
2026-03-24 12:09:21,-61.37,3,9.357,-0.4412,52.623984,5.866677,35.0,386.4,brandweer
2026-03-24 18:07:24,-62.88,11,2.022,0.0505,52.196867,4.081315,0.0,386.475,basisstation
2026-03-24 12:23:51,-103.92,4,11.834,0.2942,53.166917,6.103349,45.2,386.025,brandweer
2026-03-24 17:11:02,-63.04,17,1.02,0.0536,52.809978,5.949613,0.0,386.725,basisstation
2026-03-24 15:33:48,-96.91,3,11.077,0.7734,52.053949,5.645999,75.7,387.675,brandweer
2026-03-24 15:54:11,-78.38,5,10.305,-0.1348,52.344553,4.599273,76.5,387.9,brandweer
2026-03-24 08:58:33,-74.2,5,6.237,0.1332,52.4823,4.086627,66.1,386.425,brandweer
2026-03-24 17:21:59,-61.61,12,1.199,-0.0127,52.937464,4.944315,0.0,388.575,basisstation
2026-03-24 09:46:46,-66.16,13,1.766,-0.1084,52.348968,4.552007,0.0,386.275,basisstation
2026-03-25 04:21:53,-79.37,1,9.206,0.8213,52.193629,5.855747,52.3,386.5,ambulance
2026-03-24 15:35:06,-60.51,13,2.338,0.116,52.034534,5.628418,0.0,387.275,basisstation
2026-03-24 10:13:46,-90.71,2,10.612,0.4851,52.00797,6.011237,77.4,389.025,politie
2026-03-24 23:24:40,-86.98,4,19.617,-1.3003,52.111158,4.938672,103.7,388.625,politie
2026-03-24 19:39:14,-76.29,2,6.068,-0.4178,52.45765,4.422148,85.4,387.975,brandweer
2026-03-25 04:57:32,-76.61,2,9.068,0.0551,52.25119,5.156484,20.6,385.75,ambulance
2026-03-25 00:19:19,-89.9,2,7.375,0.7663,52.400888,5.053778,34.8,387.925,brandweer
2026-03-24 15:37:25,-78.27,2,7.577,-0.475,53.077252,4.311055,69.7,386.25,ambulance
2026-03-24 12:56:11,-70.26,17,0.728,0.0263,53.478051,5.177664,0.0,387.825,basisstation
2026-03-25 02:23:54,-62.56,12,1.278,-0.1957,53.358073,4.228217,0.0,389.95,basisstation
2026-03-24 08:45:19,-66.89,14,1.987,-0.1357,53.226951,6.080335,0.0,385.275,basisstation
2026-03-24 16:02:07,-83.86,3,8.674,-0.0267,52.15809,5.911102,148.3,389.45,politie
2026-03-25 03:04:44,-77.24,2,5.534,0.7001,52.922355,5.206059,47.7,386.725,brandweer
2026-03-24 14:35:11,-66.08,19,1.014,0.0528,52.087682,4.354436,0.0,386.575,basisstation
2026-03-25 04:01:47,-81.57,2,10.116,0.9762,52.268746,6.22785,58.2,385.225,ambulance
2026-03-25 05:01:17,-91.27,2,8.31,0.5399,52.761264,5.003131,27.9,387.675,brandweer
2026-03-24 16:59:36,-86.81,4,6.595,0.6169,53.323614,5.429197,0.9,387.625,brandweer
2026-03-24 22:13:34,-70.63,17,0.511,0.1262,53.060286,5.822518,0.0,385.8,basisstation
2026-03-24 20:11:16,-81.85,5,7.946,-0.3861,52.427818,5.384925,2.3,386.875,brandweer
2026-03-25 05:13:49,-65.95,11,0.688,0.0313,52.053913,5.163995,0.0,386.55,basisstation
2026-03-25 03:39:04,-66.67,4,15.97,-0.9023,52.189535,5.406388,7.2,388.3,politie
2026-03-25 04:04:27,-88.75,1,9.471,-0.2613,52.177358,6.384863,79.6,387.175,ambulance
2026-03-24 14:27:05,-72.37,3,16.435,-1.3416,52.899053,5.505364,77.9,389.0,politie
2026-03-25 02:24:22,-90.42,1,15.246,0.5598,52.575758,5.140591,18.3,389.55,politie
2026-03-25 00:41:31,-70.53,1,13.67,-0.5286,53.310517,4.317004,85.6,385.15,ambulance
2026-03-25 02:25:23,-82.47,3,13.956,0.3581,53.495424,5.800394,111.8,387.35,ambulance
2026-03-24 10:04:49,-89.5,2,12.883,-0.3167,52.102661,6.243493,77.8,385.525,ambulance
2026-03-25 02:13:34,-70.66,2,14.525,-0.1622,52.12632,6.46144,62.1,386.725,ambulance
2026-03-25 06:31:00,-89.14,3,5.56,-0.0318,52.253687,4.806125,48.2,386.0,brandweer
2026-03-25 04:49:31,-94.54,2,10.995,-0.6842,52.67461,5.941776,121.5,388.6,politie
2026-03-24 23:57:53,-77.34,1,10.115,0.3677,53.03507,4.790253,3.0,386.825,ambulance
2026-03-24 09:12:58,-85.2,4,10.866,-0.0911,52.709457,5.556299,72.1,387.85,politie
2026-03-24 20:12:17,-85.42,1,12.046,-1.0715,52.309378,4.979648,110.7,388.725,politie
2026-03-24 17:12:10,-64.05,16,2.263,0.1845,52.698205,6.197679,0.0,389.225,basisstation
2026-03-24 12:50:59,-74.55,3,9.43,0.0983,52.665469,6.296868,76.4,387.575,brandweer
2026-03-24 15:12:18,-72.54,3,7.228,0.5035,53.115153,5.332068,108.7,387.125,ambulance
2026-03-24 12:24:23,-78.16,3,10.616,-0.683,52.427032,6.219021,68.8,386.675,brandweer
2026-03-24 19:51:14,-66.43,1,12.694,0.9196,52.147012,4.110165,5.8,386.0,ambulance
2026-03-24 14:08:37,-87.19,4,12.603,-0.1275,53.353801,6.180403,84.9,386.975,brandweer
2026-03-24 22:20:18,-77.85,4,19.282,-1.3596,52.657265,6.248151,51.1,388.75,politie
2026-03-25 03:40:31,-61.75,19,1.565,0.1848,52.164203,6.2362,0.0,387.0,basisstation
2026-03-24 20:07:22,-63.37,14,1.97,-0.0874,52.378974,4.012705,0.0,388.3,basisstation
2026-03-24 09:40:41,-91.68,1,14.508,0.8122,52.081522,4.046328,16.5,386.0,ambulance
2026-03-25 07:33:41,-76.58,5,13.106,0.3768,52.170081,5.801541,59.7,387.35,brandweer
2026-03-25 00:51:03,-75.29,2,15.661,0.7003,53.42839,4.12465,34.7,386.625,ambulance
2026-03-25 06:02:49,-85.37,2,10.223,0.4112,52.186971,6.403536,62.6,386.925,ambulance
2026-03-25 03:49:14,-100.25,1,11.187,-1.4473,53.159713,5.294901,46.9,388.925,politie
2026-03-24 16:31:16,-97.14,2,10.453,-0.4788,52.922694,6.276514,81.7,389.35,politie
2026-03-24 15:31:43,-92.94,2,16.253,0.6681,52.201653,4.748489,110.8,389.5,politie
2026-03-24 17:26:37,-67.64,11,2.43,-0.198,53.427718,5.5978,0.0,389.6,basisstation
2026-03-24 12:38:45,-60.92,14,1.027,-0.0934,53.098277,4.626827,0.0,386.3,basisstation
2026-03-24 16:01:16,-63.86,2,9.03,0.2386,52.95721,4.801408,62.8,387.9,brandweer
2026-03-24 17:48:53,-87.76,2,14.266,0.1039,52.638996,6.419357,29.0,386.025,ambulance
2026-03-24 15:36:16,-66.98,19,2.059,-0.0599,52.086764,6.422757,0.0,389.4,basisstation
2026-03-25 07:13:49,-72.35,2,5.244,0.1303,52.328981,5.072219,49.4,386.05,brandweer
2026-03-24 11:12:36,-65.97,13,1.716,0.106,53.219479,5.795308,0.0,388.05,basisstation
2026-03-24 11:55:30,-83.18,1,12.313,0.5186,52.28974,5.178271,85.5,386.425,ambulance
2026-03-24 17:09:54,-87.55,1,12.042,-0.6105,52.166123,5.898956,146.9,387.775,politie
2026-03-24 12:31:28,-89.67,1,9.126,1.2289,53.24393,6.197447,107.1,389.125,politie
2026-03-24 17:17:38,-88.94,1,15.013,0.115,52.552673,6.238365,43.0,387.725,politie
2026-03-25 01:01:08,-65.02,11,1.608,0.0606,53.244613,4.516053,0.0,387.625,basisstation
2026-03-25 06:54:55,-66.97,15,0.835,-0.1853,53.104603,5.659511,0.0,389.1,basisstation
2026-03-24 21:26:08,-69.78,13,1.349,-0.1652,53.223623,4.933774,0.0,389.3,basisstation
2026-03-25 04:09:27,-65.37,3,19.691,-1.2906,53.121692,6.025646,88.8,389.125,politie
2026-03-24 15:30:44,-64.28,15,1.63,0.0756,53.309984,5.590728,0.0,388.175,basisstation
2026-03-24 12:23:30,-65.69,3,17.276,1.3543,52.917005,6.143272,124.2,387.575,politie
2026-03-24 19:29:00,-82.98,5,11.223,0.3307,52.618145,4.559446,26.8,387.05,brandweer
2026-03-24 10:45:30,-73.29,3,6.559,-0.4105,52.313959,4.181306,75.8,387.75,brandweer
2026-03-24 16:33:02,-85.69,5,8.901,-0.4887,52.231221,6.139109,65.9,387.85,brandweer
2026-03-24 17:24:52,-75.06,2,8.127,0.141,52.639184,5.380804,12.4,386.35,brandweer
2026-03-24 19:56:53,-88.64,3,12.816,-0.6344,52.151746,4.028331,9.7,387.15,brandweer
2026-03-25 04:44:26,-62.04,17,1.37,-0.1014,53.228653,5.99854,0.0,389.275,basisstation
2026-03-24 19:18:21,-79.43,1,16.618,-0.5373,53.489898,6.171393,48.5,387.225,ambulance
2026-03-24 20:03:47,-96.54,3,8.768,0.9742,52.665879,4.054783,46.8,387.6,politie
2026-03-24 23:10:46,-82.52,2,10.416,0.2071,53.201204,5.580306,23.1,387.95,brandweer
2026-03-25 04:43:19,-67.03,5,9.152,-0.5293,52.015827,4.228566,16.9,386.6,brandweer
2026-03-25 03:05:06,-71.15,2,14.791,0.3695,52.358497,4.703211,25.4,386.475,ambulance
2026-03-24 22:46:11,-92.77,4,6.818,-0.6625,52.294351,5.725188,64.3,386.675,brandweer
2026-03-25 05:22:37,-59.32,17,1.565,0.0886,52.211917,4.529956,0.0,385.325,basisstation
2026-03-24 11:06:51,-83.32,2,6.127,-0.2118,52.518788,4.088038,102.1,386.475,ambulance
2026-03-25 07:22:33,-92.38,4,13.176,0.5487,53.291216,4.013609,46.8,387.5,brandweer
2026-03-24 14:32:15,-89.74,5,7.759,0.3696,52.99605,4.5939,6.9,387.725,brandweer
2026-03-25 00:22:51,-78.33,2,10.591,0.0045,52.663099,4.835262,13.0,387.9,brandweer
2026-03-24 16:14:29,-80.23,2,13.344,0.5328,52.437123,4.840401,62.8,386.75,brandweer
2026-03-24 08:51:29,-71.94,2,9.91,-0.6165,52.875879,4.517484,66.7,386.3,ambulance
2026-03-24 13:58:54,-63.1,3,13.815,-0.1345,53.377428,5.020101,64.8,387.95,brandweer
2026-03-24 18:50:29,-77.33,4,5.503,-0.6993,52.048706,5.858382,16.9,387.05,brandweer
2026-03-24 20:50:20,-77.99,3,10.388,-0.245,52.152059,4.694632,120.2,389.55,politie
2026-03-25 07:16:44,-79.38,4,5.876,0.4891,53.098662,5.080533,60.2,386.15,brandweer
2026-03-24 19:29:07,-75.12,2,10.764,-0.6874,52.540712,5.678177,88.6,387.3,ambulance
2026-03-24 17:16:05,-85.36,3,14.541,1.4416,52.605967,5.356365,36.4,388.475,politie
2026-03-24 11:34:41,-90.04,5,9.087,-0.1137,52.781761,4.374443,52.7,387.025,brandweer
2026-03-24 09:26:53,-71.69,1,9.844,0.2178,53.381961,5.457977,44.3,389.3,politie
2026-03-24 19:14:29,-88.1,3,11.191,1.471,52.905293,5.648765,4.1,389.925,politie
2026-03-24 13:07:29,-61.88,11,1.549,-0.0237,52.601145,5.399101,0.0,386.55,basisstation
2026-03-24 21:19:57,-77.04,3,15.469,0.2058,53.4973,4.1874,78.5,387.4,ambulance
2026-03-24 16:30:20,-60.59,10,2.411,0.1148,52.47311,5.720337,0.0,386.475,basisstation
2026-03-24 18:58:54,-97.7,4,8.378,-0.179,53.386741,5.304358,21.8,387.775,brandweer
2026-03-25 05:11:30,-84.52,2,13.505,0.6165,52.502184,4.784258,8.3,387.375,ambulance
2026-03-24 19:54:23,-75.26,2,6.955,0.4139,53.30878,4.610369,78.5,386.775,ambulance
2026-03-24 15:22:44,-92.49,1,13.072,-0.5912,53.068932,6.041949,52.0,389.45,politie
2026-03-25 07:08:57,-73.89,2,12.84,-0.0748,53.257933,5.636939,71.3,386.5,brandweer
2026-03-24 23:37:15,-85.6,4,11.704,-0.3379,52.887028,5.797999,52.7,386.625,brandweer
2026-03-24 09:00:31,-65.63,10,2.182,-0.1846,53.352643,5.153694,0.0,385.825,basisstation
2026-03-25 07:11:28,-88.62,5,14.159,0.1847,52.909579,5.693658,17.3,386.6,brandweer
2026-03-24 14:23:10,-77.68,3,14.175,0.432,52.132868,5.692181,72.9,386.725,ambulance
2026-03-25 03:33:13,-96.8,1,14.089,0.5322,53.246033,5.362069,37.6,387.525,politie
2026-03-24 20:59:22,-74.81,1,10.79,-0.5155,53.431831,6.296304,24.4,386.975,ambulance
2026-03-24 09:32:00,-78.8,1,16.789,0.0448,52.125332,4.047822,25.8,388.3,politie
2026-03-24 20:36:11,-79.57,2,6.29,-0.1115,53.331627,4.101464,24.7,386.475,brandweer
2026-03-25 01:08:35,-82.33,2,14.208,-0.6195,52.70359,4.177594,62.5,385.725,ambulance
2026-03-24 11:52:59,-92.62,4,19.417,1.4845,53.471716,5.423849,113.9,387.775,politie
2026-03-24 17:41:05,-79.88,2,17.98,-0.6808,52.448088,6.351698,82.9,388.55,politie
2026-03-24 08:59:03,-74.99,2,14.031,0.63,52.445344,4.001569,31.3,387.2,ambulance
2026-03-24 14:40:54,-85.82,2,14.354,-0.6143,52.798334,6.054104,11.1,385.4,ambulance
2026-03-24 16:47:04,-70.53,2,16.35,-0.368,52.061401,4.124154,102.3,386.25,ambulance
2026-03-24 19:37:35,-75.02,3,18.125,-0.7381,53.108942,4.265859,5.0,389.975,politie
2026-03-24 11:05:56,-70.43,3,14.107,-0.3922,53.241259,5.743023,149.3,389.9,politie
2026-03-24 13:26:21,-97.27,4,15.456,-0.4979,52.606791,4.170883,117.2,388.975,politie
2026-03-25 04:02:26,-61.57,11,1.42,-0.1767,53.492299,4.144451,0.0,386.375,basisstation
2026-03-24 22:26:39,-79.95,3,10.994,-0.526,52.453961,5.65593,66.7,387.875,brandweer
2026-03-24 12:04:51,-83.58,4,5.867,0.1687,53.009239,5.326061,5.1,386.6,brandweer
2026-03-24 20:11:59,-95.17,3,19.617,-0.1599,52.369988,5.177401,80.2,389.325,politie
2026-03-24 13:38:27,-73.05,3,17.288,0.8188,53.464021,4.313876,83.4,388.825,politie
2026-03-24 22:32:27,-87.17,1,11.305,-0.3312,52.794911,4.403418,47.3,385.5,ambulance
2026-03-25 03:00:16,-78.87,2,6.675,-0.0287,52.915545,5.366018,109.5,385.3,ambulance
2026-03-25 06:46:41,-81.0,5,13.551,-0.2456,53.469602,4.67069,87.6,386.625,brandweer
2026-03-25 06:52:15,-86.96,5,8.51,-0.1526,52.28781,4.153042,35.4,386.475,brandweer
2026-03-25 05:47:47,-103.52,5,10.445,-0.5305,53.477394,6.364437,68.4,386.525,brandweer
2026-03-24 09:16:22,-79.56,2,13.617,-0.6272,52.818544,4.510161,89.9,386.75,ambulance
2026-03-24 17:46:07,-82.67,2,12.633,-0.5816,53.323743,4.050304,20.6,387.625,brandweer
2026-03-24 10:11:09,-77.85,2,12.472,-0.4649,53.105829,5.568285,48.3,386.7,brandweer
2026-03-24 11:39:21,-81.54,1,6.105,-0.2357,52.056095,5.263413,36.2,386.7,ambulance
2026-03-25 05:54:54,-92.69,5,6.523,-0.3776,53.099258,4.84077,38.5,387.775,brandweer
2026-03-25 07:52:41,-91.23,3,15.38,-0.1259,52.971187,6.109388,75.3,386.3,ambulance
2026-03-24 08:11:24,-81.69,2,14.326,0.212,52.957683,4.717039,25.9,386.15,brandweer
2026-03-24 16:39:46,-79.64,1,6.749,-0.0277,52.37281,4.792357,13.1,387.05,ambulance
2026-03-25 02:27:05,-85.82,2,5.329,-0.0013,52.09372,5.803061,54.1,386.925,brandweer
2026-03-25 04:29:54,-66.96,18,1.497,-0.1652,52.80566,5.467103,0.0,385.175,basisstation
2026-03-25 02:02:26,-64.08,12,1.843,-0.0732,53.318903,4.646079,0.0,389.35,basisstation
2026-03-24 23:14:40,-90.86,1,9.051,0.2621,53.081088,5.285058,3.0,386.125,ambulance
2026-03-24 20:20:13,-61.5,17,1.365,0.1774,52.629591,5.596315,0.0,385.125,basisstation
2026-03-24 20:01:38,-79.02,3,12.586,-0.24,52.58309,4.600748,72.9,385.0,ambulance
2026-03-24 10:57:27,-61.8,19,0.51,0.0512,52.291411,4.177352,0.0,388.575,basisstation
2026-03-24 08:08:27,-78.74,3,11.193,0.1914,53.409353,5.887834,9.7,385.95,ambulance
2026-03-24 21:49:46,-64.82,11,2.37,0.1789,52.937957,5.958557,0.0,387.75,basisstation
2026-03-24 17:58:39,-65.71,3,11.483,-0.0498,53.450059,5.742916,46.3,387.125,ambulance
2026-03-25 02:47:23,-78.08,3,11.619,-0.1055,53.358373,4.2994,73.7,386.575,brandweer
2026-03-24 13:03:25,-82.74,4,14.331,0.5931,53.036953,6.257073,38.0,387.1,brandweer
2026-03-24 09:22:02,-85.58,2,9.783,-0.511,53.056263,4.074476,43.7,387.6,brandweer
2026-03-25 05:57:34,-87.85,4,13.828,0.0445,52.866816,5.873288,46.6,386.7,brandweer
2026-03-24 12:23:11,-80.84,1,14.579,-0.1403,53.443319,6.411221,36.8,387.325,ambulance
2026-03-24 13:21:22,-60.26,19,2.316,-0.0735,52.88246,5.707455,0.0,386.775,basisstation
2026-03-25 02:55:16,-74.27,2,12.158,-0.739,52.475958,6.279899,52.9,387.275,ambulance
2026-03-24 18:51:11,-62.76,11,0.756,-0.0647,53.392125,4.561539,0.0,388.8,basisstation
2026-03-25 04:46:17,-89.51,1,12.438,0.7199,52.911668,4.209477,25.6,385.85,ambulance
2026-03-24 20:17:17,-73.07,3,14.3,0.9313,52.196076,5.679272,47.2,385.3,ambulance
2026-03-24 15:06:03,-71.02,2,12.084,0.1443,53.28731,4.426503,111.9,385.95,ambulance
2026-03-24 13:15:31,-91.37,1,14.652,-0.9015,52.355627,6.371257,47.0,388.075,politie
2026-03-24 15:13:46,-80.65,1,7.711,-0.2357,52.115137,4.010469,66.6,386.4,ambulance
2026-03-24 08:12:40,-82.5,5,8.023,0.6321,53.288987,4.275044,87.5,387.125,brandweer
2026-03-25 01:49:34,-63.49,10,0.933,-0.1617,52.035458,5.604929,0.0,389.95,basisstation
2026-03-24 23:05:30,-74.82,1,9.405,-0.1527,52.319628,6.347643,98.0,388.025,politie
2026-03-25 02:59:31,-81.22,3,14.995,0.1958,52.432247,5.509801,38.8,387.75,brandweer
2026-03-24 23:05:18,-71.19,4,10.981,-0.8568,52.37134,4.156316,43.3,389.025,politie
2026-03-25 00:27:54,-88.24,2,14.267,-0.0261,53.183418,5.704464,28.4,387.3,brandweer
2026-03-25 02:46:00,-81.4,3,14.432,0.6908,52.537329,4.373498,18.6,387.625,brandweer
2026-03-25 07:26:56,-64.93,12,1.294,-0.0211,52.900892,5.289199,0.0,389.05,basisstation
2026-03-25 06:13:58,-71.08,19,0.695,0.0737,52.660229,4.305096,0.0,385.175,basisstation
2026-03-24 13:24:22,-90.11,3,8.793,-0.7244,53.433855,4.176013,15.9,386.6,brandweer
2026-03-24 14:55:04,-72.3,1,8.303,0.4385,52.474323,6.112427,32.6,385.15,ambulance
2026-03-25 07:44:41,-82.08,2,6.668,-0.7253,52.378879,6.07411,70.2,386.05,brandweer
2026-03-24 16:42:56,-75.47,1,8.947,0.6247,52.167232,5.426024,41.1,387.325,ambulance
2026-03-24 18:19:06,-80.98,1,14.068,0.3784,52.323415,6.034276,41.0,386.625,ambulance
2026-03-24 12:57:37,-76.45,1,11.345,-0.9709,53.299439,4.411571,29.7,387.375,ambulance
2026-03-25 07:58:16,-76.09,3,10.881,0.5247,52.012929,4.049932,17.3,385.625,ambulance
2026-03-25 05:00:45,-60.01,3,8.09,0.0938,52.666941,4.067703,85.7,386.75,ambulance
2026-03-25 07:05:22,-67.62,10,1.567,0.1576,53.182896,4.379187,0.0,387.4,basisstation
2026-03-24 15:06:36,-85.82,2,13.584,-0.4278,52.489159,4.551095,10.4,387.725,brandweer
2026-03-24 18:23:07,-79.05,1,11.282,-0.8614,52.896449,5.847326,69.4,385.675,ambulance
2026-03-24 17:09:26,-76.39,2,14.166,0.8634,53.205633,4.209312,74.4,385.7,ambulance
2026-03-24 13:53:45,-106.45,3,8.92,1.1179,52.32409,6.023311,132.5,387.625,politie
2026-03-24 12:34:19,-72.33,2,12.53,-0.4495,52.407238,6.260608,85.1,386.125,ambulance
2026-03-25 00:54:50,-62.27,13,1.651,-0.0447,52.964932,5.145632,0.0,389.45,basisstation
2026-03-25 02:15:26,-67.85,10,1.134,-0.1322,52.835202,6.340387,0.0,386.425,basisstation
2026-03-24 17:12:52,-79.16,3,11.477,-0.7531,52.764263,5.364374,55.6,387.4,brandweer
2026-03-24 09:47:38,-71.56,3,12.74,-0.7167,53.193317,5.192866,1.2,386.9,brandweer
2026-03-25 04:07:10,-57.63,19,1.721,0.0865,52.408936,5.033873,0.0,387.2,basisstation
2026-03-24 11:05:22,-65.12,13,2.189,-0.0724,53.243373,4.092519,0.0,388.95,basisstation
2026-03-24 09:06:27,-68.28,17,1.799,0.1397,52.986419,5.420772,0.0,389.65,basisstation
2026-03-24 15:33:33,-100.09,3,8.144,0.1295,52.616399,5.573048,65.7,387.25,brandweer
2026-03-24 21:04:36,-65.05,12,1.032,0.0584,52.749001,4.665048,0.0,387.9,basisstation
2026-03-24 18:32:32,-105.5,3,12.259,-0.2605,52.98724,4.17527,108.1,389.2,politie
2026-03-24 17:09:40,-82.65,3,6.566,0.7596,52.751315,6.453554,75.8,386.975,brandweer
2026-03-25 07:27:24,-88.68,4,19.742,1.0696,53.090585,5.405182,112.2,388.875,politie
2026-03-24 12:14:42,-79.59,4,8.216,1.3884,52.457127,6.073487,116.3,387.975,politie
2026-03-24 09:23:14,-85.37,1,17.642,1.2053,52.10046,6.193376,32.6,389.4,politie
2026-03-25 07:22:41,-64.39,3,7.434,-0.5394,53.232629,4.347422,12.8,385.15,ambulance
2026-03-25 06:42:10,-83.14,2,11.011,0.5281,52.915011,4.782268,113.1,390.0,politie
2026-03-24 11:12:03,-80.67,3,13.456,0.4374,52.053385,6.485826,13.3,386.975,ambulance
2026-03-25 05:37:33,-89.54,4,13.018,0.7718,52.126191,4.98276,143.7,388.525,politie
2026-03-24 21:29:03,-57.21,18,2.037,-0.0329,52.632036,5.843956,0.0,389.4,basisstation
2026-03-24 11:50:43,-67.11,10,1.755,0.0337,53.351737,4.113616,0.0,385.275,basisstation
2026-03-24 17:02:31,-104.36,1,19.226,-0.9428,53.392946,4.154521,59.6,387.725,politie
2026-03-24 19:40:25,-83.1,2,9.307,-0.3357,53.147974,6.323509,84.1,386.825,ambulance
2026-03-24 14:40:58,-70.07,19,1.448,-0.0622,52.52731,5.031984,0.0,386.5,basisstation
2026-03-25 05:31:58,-102.06,3,11.478,-0.4647,53.356572,6.422041,13.1,387.075,brandweer
2026-03-24 22:54:47,-74.89,2,12.974,-0.4927,52.122501,6.310718,90.8,385.5,ambulance
2026-03-24 08:49:16,-65.28,5,9.644,-0.1068,53.109212,5.065796,72.0,386.5,brandweer
2026-03-24 23:19:44,-65.94,3,9.516,0.5708,52.503919,5.401736,85.0,386.6,brandweer
2026-03-25 01:05:29,-69.06,14,2.449,0.1945,53.047243,5.340241,0.0,389.0,basisstation
2026-03-25 03:33:02,-85.16,4,7.723,-0.612,53.381135,5.453972,22.7,387.2,brandweer
2026-03-25 01:47:24,-66.83,13,2.285,0.0157,53.21116,6.240228,0.0,389.725,basisstation
2026-03-24 14:54:20,-58.94,13,2.017,-0.1902,52.033185,4.809026,0.0,386.95,basisstation
2026-03-25 04:30:47,-66.33,16,1.002,-0.1263,52.121309,5.070786,0.0,388.475,basisstation
2026-03-24 22:46:58,-87.72,2,16.129,-0.2146,53.236707,4.366091,117.0,389.225,politie
2026-03-24 22:48:32,-89.6,1,12.566,-1.0109,53.101666,4.960888,125.8,389.575,politie
2026-03-24 12:16:38,-60.15,17,1.531,-0.0045,53.000296,4.349128,0.0,388.175,basisstation
2026-03-24 08:12:49,-80.64,4,10.935,-0.4638,53.455175,4.054955,10.5,388.0,brandweer
2026-03-25 05:15:59,-68.71,13,1.106,-0.0948,52.540205,4.219107,0.0,390.0,basisstation
2026-03-24 12:49:18,-75.98,5,7.694,0.6199,52.504519,5.46687,12.4,387.525,brandweer
2026-03-24 13:35:50,-62.52,18,1.255,0.0137,52.744842,4.974045,0.0,388.5,basisstation
2026-03-25 06:07:26,-89.3,4,11.562,-0.0453,52.069604,5.559899,51.4,386.35,brandweer
2026-03-24 23:18:23,-84.85,1,19.171,0.9801,52.847477,6.16637,20.8,389.2,politie
2026-03-24 14:56:48,-97.71,2,12.428,-0.2116,52.739474,5.179756,101.8,385.55,ambulance
2026-03-24 14:37:20,-86.68,2,12.261,-0.5736,52.305633,4.651654,93.8,385.2,ambulance
2026-03-24 08:35:47,-82.76,2,10.143,-0.6545,53.322963,6.397711,74.6,385.475,ambulance
2026-03-25 05:40:02,-86.1,4,16.117,-1.1049,53.180126,6.426916,37.5,389.15,politie
2026-03-24 21:30:32,-81.01,1,9.409,0.9895,52.661109,4.651008,116.0,387.275,ambulance
2026-03-24 10:39:56,-77.02,4,16.665,1.1586,52.587289,5.031555,94.9,388.025,politie
2026-03-24 21:50:53,-91.34,1,11.072,0.4361,53.098329,4.582547,53.1,385.55,ambulance
2026-03-25 05:31:25,-80.42,4,10.49,-0.7856,52.702104,5.165749,145.3,389.725,politie
2026-03-25 02:46:08,-81.69,1,14.122,0.7087,53.304409,5.00694,82.1,388.475,politie
2026-03-25 02:03:57,-79.35,3,11.634,-0.1468,53.096654,4.605459,25.2,386.375,brandweer
2026-03-24 12:17:18,-78.41,3,7.009,-0.3109,52.977802,5.948708,47.2,387.6,brandweer
2026-03-24 18:39:34,-85.78,4,8.92,-0.2101,52.580775,4.865271,62.1,387.875,brandweer
2026-03-25 02:13:53,-75.6,4,12.941,0.4529,52.09341,5.281257,87.3,389.0,politie
2026-03-25 07:59:25,-62.06,16,1.862,-0.1274,52.787745,5.772616,0.0,386.375,basisstation
2026-03-25 06:58:31,-66.7,11,2.229,-0.0107,53.45229,4.463814,0.0,388.6,basisstation
2026-03-25 06:10:23,-85.83,3,10.718,-0.5262,52.268547,5.993785,11.6,386.625,ambulance
2026-03-25 01:01:53,-79.52,1,16.428,0.8089,52.891205,5.798252,0.1,387.275,ambulance
2026-03-24 13:04:17,-70.3,4,17.448,-0.266,52.956931,6.084108,139.8,388.5,politie
2026-03-24 15:44:27,-72.15,2,8.471,-0.295,52.194786,5.690489,15.1,385.65,ambulance
2026-03-25 02:22:43,-81.47,1,9.403,0.5465,52.205634,5.834708,152.0,388.125,politie
2026-03-25 07:43:15,-97.53,3,12.927,-0.3534,53.309966,4.10411,58.2,387.475,brandweer
2026-03-24 12:22:42,-79.25,4,6.74,-0.26,52.600495,5.374692,1.6,386.675,brandweer
2026-03-24 08:27:25,-59.34,13,0.749,0.1683,53.304845,5.297095,0.0,389.175,basisstation
2026-03-24 16:17:43,-79.04,3,8.093,-0.0567,52.938523,5.376329,11.0,387.175,ambulance
2026-03-24 16:54:48,-91.13,3,11.222,-0.6376,53.452806,5.509093,105.1,388.475,politie
2026-03-25 02:40:21,-64.04,14,2.44,0.133,52.318509,4.454562,0.0,385.5,basisstation
2026-03-24 11:21:49,-77.33,4,7.958,0.6211,52.709319,4.097697,75.7,386.7,brandweer
2026-03-24 09:55:22,-88.51,3,11.274,-0.3847,53.05796,5.838591,26.3,386.25,brandweer
2026-03-24 08:22:55,-64.93,2,17.264,-0.3003,52.983855,4.497035,29.3,387.25,ambulance
2026-03-24 10:54:48,-59.11,17,2.247,0.1683,52.091617,4.692194,0.0,385.0,basisstation
2026-03-24 23:30:26,-68.24,13,1.347,0.067,52.143303,5.559648,0.0,389.55,basisstation
2026-03-24 20:30:17,-62.38,15,1.219,-0.0826,53.214042,6.025283,0.0,388.8,basisstation
2026-03-25 02:42:39,-85.63,2,6.025,0.0567,52.454418,5.861492,7.7,387.75,brandweer
2026-03-24 08:11:31,-82.5,3,7.334,0.2962,53.185781,4.352769,105.0,385.775,ambulance
2026-03-24 10:04:45,-86.57,4,13.173,0.148,52.955143,5.870582,85.3,389.025,politie
2026-03-24 12:53:38,-93.01,4,12.882,-0.5153,53.14367,4.315005,72.6,387.825,politie
2026-03-24 22:15:13,-80.13,1,8.432,-0.9743,52.423718,6.376148,138.7,389.225,politie
2026-03-24 21:09:22,-64.86,10,1.238,-0.0183,52.822905,5.372305,0.0,388.225,basisstation
2026-03-25 01:19:28,-75.55,4,15.593,0.6116,52.25043,5.782615,0.7,387.825,politie
2026-03-24 22:08:23,-90.93,5,10.474,-0.6972,52.881527,6.239482,57.8,386.45,brandweer
2026-03-25 04:29:15,-94.78,2,10.986,0.816,52.136963,4.796724,29.1,386.625,ambulance
2026-03-24 23:31:00,-65.35,4,9.198,0.5641,53.366603,6.095663,38.7,389.525,politie
2026-03-24 14:40:14,-74.79,2,7.938,0.2753,52.55759,4.044285,63.2,387.175,brandweer
2026-03-25 03:28:39,-63.22,19,1.726,0.1772,52.361039,4.303753,0.0,385.775,basisstation
2026-03-25 03:58:30,-65.18,13,2.386,0.0395,53.042177,6.20117,0.0,389.225,basisstation
2026-03-25 03:54:35,-88.55,1,19.808,-0.6348,52.584223,4.96378,153.8,388.05,politie
2026-03-24 15:56:50,-87.13,2,16.913,-0.6197,52.816946,4.194641,98.6,386.25,ambulance
2026-03-25 06:25:02,-76.45,2,18.977,-1.4656,53.465656,4.257803,72.0,388.95,politie
2026-03-25 01:49:26,-69.12,4,13.42,-0.3079,52.661608,4.489023,14.9,387.8,politie
2026-03-24 15:15:43,-61.35,15,2.316,0.0897,53.123742,4.364805,0.0,386.875,basisstation
2026-03-24 08:53:23,-75.43,4,12.098,-0.0284,53.462867,6.414426,46.8,387.725,brandweer
2026-03-25 07:52:53,-66.87,3,8.697,-0.0223,52.212767,4.534503,28.2,386.875,brandweer
2026-03-24 13:19:47,-70.88,1,17.724,-0.6261,52.732176,6.032657,53.4,386.85,ambulance
2026-03-24 11:13:06,-82.05,2,13.986,0.634,53.288471,4.221933,61.7,386.425,brandweer
2026-03-24 10:27:28,-89.41,1,18.091,-0.8363,53.212609,6.059059,61.0,388.175,politie
2026-03-24 10:12:22,-74.7,4,13.047,0.1848,52.670821,4.774323,67.8,387.575,brandweer
2026-03-24 21:40:41,-80.89,1,13.517,-0.4253,52.497997,5.656991,33.6,386.275,ambulance
2026-03-24 12:16:41,-73.26,2,9.339,0.3962,53.087397,4.285459,90.0,387.575,brandweer
2026-03-24 23:47:29,-62.55,14,2.01,-0.0158,53.262998,5.821227,0.0,388.35,basisstation
2026-03-25 01:33:32,-74.0,1,6.271,0.7233,53.335988,5.492363,69.3,385.45,ambulance
2026-03-24 14:10:28,-83.61,5,12.877,-0.3023,52.016198,5.752528,29.4,386.55,brandweer
2026-03-24 13:54:52,-84.29,3,15.363,0.1278,53.04243,5.418477,31.3,385.75,ambulance
2026-03-24 15:16:23,-65.13,2,15.681,-0.4964,52.127903,6.165459,98.8,387.35,ambulance
2026-03-24 21:25:20,-63.48,16,2.457,-0.0503,52.026274,4.610368,0.0,385.625,basisstation
2026-03-24 09:32:14,-71.56,5,5.731,-0.3621,52.894388,5.774343,88.2,386.275,brandweer
2026-03-25 00:21:05,-78.21,1,12.325,0.1651,53.129678,5.818631,82.1,385.875,ambulance
2026-03-25 02:49:26,-86.14,4,11.26,-0.9282,52.513161,5.074894,29.5,388.725,politie
2026-03-24 22:10:24,-87.14,1,17.915,0.5554,52.264037,6.165582,27.1,385.525,ambulance
2026-03-24 20:18:51,-72.86,1,13.655,0.9703,52.651542,5.116105,92.2,386.625,ambulance
2026-03-24 23:11:33,-61.54,16,2.472,0.1014,52.564389,4.208752,0.0,389.7,basisstation
2026-03-24 21:43:42,-73.93,4,12.934,-0.2928,53.343344,6.272938,141.5,389.675,politie
2026-03-24 20:30:39,-93.84,1,17.898,-0.5834,53.003829,5.209506,42.7,385.55,ambulance
2026-03-25 05:57:51,-73.0,3,10.408,0.2837,53.43397,5.32835,63.2,386.8,brandweer
2026-03-24 16:06:27,-84.72,2,6.534,-0.4217,52.175475,5.133169,54.2,385.325,ambulance
2026-03-25 06:14:33,-100.26,1,12.652,-0.293,52.765165,5.808512,139.9,389.5,politie
2026-03-25 04:01:22,-64.35,19,1.524,-0.1094,52.967759,4.435916,0.0,389.0,basisstation
2026-03-24 09:57:49,-68.84,4,19.729,0.0957,52.148953,4.52216,21.7,389.1,politie
2026-03-25 05:15:37,-93.45,4,10.996,-0.7103,53.306004,5.981487,0.1,388.0,politie
2026-03-25 01:36:56,-70.54,19,2.288,-0.108,52.319657,4.077835,0.0,385.6,basisstation
2026-03-24 09:50:29,-88.35,4,12.364,0.6979,52.469743,5.996483,131.3,387.975,politie
2026-03-24 12:36:11,-74.73,2,11.594,0.1995,52.567037,4.257365,25.4,387.15,brandweer
2026-03-24 13:25:08,-63.48,14,1.654,-0.0606,52.238931,5.512385,0.0,386.55,basisstation
2026-03-25 07:37:04,-89.35,2,9.007,-0.4996,52.108167,4.513504,108.4,388.475,politie
2026-03-25 06:34:18,-72.48,2,5.613,0.3433,53.455832,5.397383,56.1,387.5,brandweer
2026-03-24 21:39:30,-90.65,3,16.357,0.6064,52.750169,5.029895,27.5,387.525,politie
2026-03-24 08:59:18,-90.38,1,18.038,-1.3494,52.569425,4.791467,74.3,389.5,politie
2026-03-24 15:42:27,-98.26,1,17.048,-1.3922,53.396211,4.314311,63.2,387.575,politie
2026-03-24 21:56:22,-76.57,3,14.113,0.0866,52.568055,6.107862,15.7,386.25,brandweer
2026-03-25 04:16:22,-74.52,4,16.076,-0.6739,53.183478,5.116049,49.0,389.95,politie
2026-03-24 10:53:06,-79.43,2,6.126,0.5238,52.64926,5.338856,107.2,385.225,ambulance
2026-03-25 04:53:06,-63.13,12,1.129,0.123,53.443148,5.975034,0.0,386.4,basisstation
2026-03-25 07:15:32,-92.53,2,9.892,0.9043,53.063502,5.469067,98.8,386.025,ambulance
2026-03-24 21:52:12,-87.28,5,7.977,-0.7473,52.786232,4.707502,53.1,386.225,brandweer
2026-03-24 20:13:48,-66.2,14,2.057,-0.1427,52.306817,5.78516,0.0,385.1,basisstation
2026-03-25 07:37:56,-95.3,3,8.623,-0.9266,53.097587,5.601589,49.6,388.525,politie
2026-03-24 12:47:40,-65.57,15,1.712,-0.1051,52.152674,4.382148,0.0,387.775,basisstation
2026-03-24 11:54:39,-83.84,3,14.879,-0.4871,52.037856,4.631615,158.2,389.625,politie
2026-03-25 07:20:50,-103.94,4,9.355,1.0262,52.71739,4.362991,38.8,389.75,politie
2026-03-24 16:08:48,-72.01,16,1.299,-0.139,53.488725,6.317502,0.0,387.675,basisstation
2026-03-24 12:27:41,-84.01,3,17.273,-0.7892,52.848672,6.322862,108.4,387.65,politie
2026-03-24 23:32:41,-64.74,19,2.301,0.0765,53.024776,6.05646,0.0,388.175,basisstation
2026-03-25 06:03:21,-88.78,1,7.379,-0.9923,52.874692,5.447413,60.2,385.2,ambulance
2026-03-24 22:28:03,-65.14,10,0.801,0.0033,53.043719,6.145897,0.0,389.65,basisstation
2026-03-25 00:44:37,-75.41,1,16.084,-0.965,52.859155,6.048739,5.9,387.4,ambulance
2026-03-25 03:28:00,-60.93,10,2.014,-0.1812,52.403009,4.055462,0.0,389.025,basisstation
2026-03-25 01:36:14,-66.76,18,0.911,0.1151,52.905582,4.285668,0.0,385.6,basisstation
2026-03-25 03:30:02,-91.47,3,13.967,-0.4807,52.817272,5.896063,139.5,389.65,politie
2026-03-25 06:12:24,-86.35,4,5.403,0.4877,53.281929,6.005508,33.2,387.6,brandweer
2026-03-25 03:26:54,-74.09,3,13.308,0.6222,52.343313,5.49213,62.3,388.1,politie
2026-03-25 03:48:35,-70.34,19,2.395,-0.1387,52.879345,5.264722,0.0,387.75,basisstation
